number,filename.lst,d.lst
1,https://s3.eu-central-1.wasabisys.com/openlandmap/sol/acric.ferralsols.ferric..xanthic_wrb2020_p_1km_s_1980_2020_go_epsg.4326_v20230411.tif,Acric.Ferralsols.Ferric..Xanthic_p_
2,https://s3.eu-central-1.wasabisys.com/openlandmap/sol/acric.umbrisols_wrb2020_p_1km_s_1980_2020_go_epsg.4326_v20230411.tif,Acric.Umbrisols_p_
3,https://s3.eu-central-1.wasabisys.com/openlandmap/sol/acric.xanthic.ferralsols_wrb2020_p_1km_s_1980_2020_go_epsg.4326_v20230411.tif,Acric.Xanthic.Ferralsols_p_
4,https://s3.eu-central-1.wasabisys.com/openlandmap/sol/albic.arenosols_wrb2020_p_1km_s_1980_2020_go_epsg.4326_v20230411.tif,Albic.Arenosols_p_
5,https://s3.eu-central-1.wasabisys.com/openlandmap/sol/albic.luvisols_wrb2020_p_1km_s_1980_2020_go_epsg.4326_v20230411.tif,Albic.Luvisols_p_
6,https://s3.eu-central-1.wasabisys.com/openlandmap/sol/albic.plinthosols_wrb2020_p_1km_s_1980_2020_go_epsg.4326_v20230411.tif,Albic.Plinthosols_p_
7,https://s3.eu-central-1.wasabisys.com/openlandmap/sol/albic.podzol_wrb2020_p_1km_s_1980_2020_go_epsg.4326_v20230411.tif,Albic.Podzol_p_
8,https://s3.eu-central-1.wasabisys.com/openlandmap/sol/albic.podzols_wrb2020_p_1km_s_1980_2020_go_epsg.4326_v20230411.tif,Albic.Podzols_p_
9,https://s3.eu-central-1.wasabisys.com/openlandmap/sol/albic.solonetz_wrb2020_p_1km_s_1980_2020_go_epsg.4326_v20230411.tif,Albic.Solonetz_p_
10,https://s3.eu-central-1.wasabisys.com/openlandmap/sol/alic.umbrisols_wrb2020_p_1km_s_1980_2020_go_epsg.4326_v20230411.tif,Alic.Umbrisols_p_
11,https://s3.eu-central-1.wasabisys.com/openlandmap/sol/anthrosols_wrb2020_p_1km_s_1980_2020_go_epsg.4326_v20230411.tif,Anthrosols_p_
12,https://s3.eu-central-1.wasabisys.com/openlandmap/sol/arenic.gleysols_wrb2020_p_1km_s_1980_2020_go_epsg.4326_v20230411.tif,Arenic.Gleysols_p_
13,https://s3.eu-central-1.wasabisys.com/openlandmap/sol/arenic.regosols.aridic_wrb2020_p_1km_s_1980_2020_go_epsg.4326_v20230411.tif,Arenic.Regosols.Aridic_p_
14,https://s3.eu-central-1.wasabisys.com/openlandmap/sol/arenic.regosols.calcaric_wrb2020_p_1km_s_1980_2020_go_epsg.4326_v20230411.tif,Arenic.Regosols.Calcaric_p_
15,https://s3.eu-central-1.wasabisys.com/openlandmap/sol/arenic.regosols.hiposodic_wrb2020_p_1km_s_1980_2020_go_epsg.4326_v20230411.tif,Arenic.Regosols.Hiposodic_p_
16,https://s3.eu-central-1.wasabisys.com/openlandmap/sol/aridic.arenosols.hiposodic_wrb2020_p_1km_s_1980_2020_go_epsg.4326_v20230411.tif,Aridic.Arenosols.Hiposodic_p_
17,https://s3.eu-central-1.wasabisys.com/openlandmap/sol/brunic.arenosols_wrb2020_p_1km_s_1980_2020_go_epsg.4326_v20230411.tif,Brunic.Arenosols_p_
18,https://s3.eu-central-1.wasabisys.com/openlandmap/sol/calcaric.arenosols_wrb2020_p_1km_s_1980_2020_go_epsg.4326_v20230411.tif,Calcaric.Arenosols_p_
19,https://s3.eu-central-1.wasabisys.com/openlandmap/sol/calcaric.arenosols.aridic_wrb2020_p_1km_s_1980_2020_go_epsg.4326_v20230411.tif,Calcaric.Arenosols.Aridic_p_
20,https://s3.eu-central-1.wasabisys.com/openlandmap/sol/calcaric.brunic.arenosols_wrb2020_p_1km_s_1980_2020_go_epsg.4326_v20230411.tif,Calcaric.Brunic.Arenosols_p_
21,https://s3.eu-central-1.wasabisys.com/openlandmap/sol/calcaric.cambic.phaeozems..loamic._wrb2020_p_1km_s_1980_2020_go_epsg.4326_v20230411.tif,Calcaric.Cambic.Phaeozems..Loamic._p_
22,https://s3.eu-central-1.wasabisys.com/openlandmap/sol/calcaric.cambisols_wrb2020_p_1km_s_1980_2020_go_epsg.4326_v20230411.tif,Calcaric.Cambisols_p_
23,https://s3.eu-central-1.wasabisys.com/openlandmap/sol/calcaric.cambisols..humic..loamic._wrb2020_p_1km_s_1980_2020_go_epsg.4326_v20230411.tif,Calcaric.Cambisols..Humic..Loamic._p_
24,https://s3.eu-central-1.wasabisys.com/openlandmap/sol/calcaric.cambisols..loamic._wrb2020_p_1km_s_1980_2020_go_epsg.4326_v20230411.tif,Calcaric.Cambisols..Loamic._p_
25,https://s3.eu-central-1.wasabisys.com/openlandmap/sol/calcaric.cambisols.aridic_wrb2020_p_1km_s_1980_2020_go_epsg.4326_v20230411.tif,Calcaric.Cambisols.Aridic_p_
26,https://s3.eu-central-1.wasabisys.com/openlandmap/sol/calcaric.fluvisols_wrb2020_p_1km_s_1980_2020_go_epsg.4326_v20230411.tif,Calcaric.Fluvisols_p_
27,https://s3.eu-central-1.wasabisys.com/openlandmap/sol/calcaric.regosols_wrb2020_p_1km_s_1980_2020_go_epsg.4326_v20230411.tif,Calcaric.Regosols_p_
28,https://s3.eu-central-1.wasabisys.com/openlandmap/sol/calcaric.regosols..loamic._wrb2020_p_1km_s_1980_2020_go_epsg.4326_v20230411.tif,Calcaric.Regosols..Loamic._p_
29,https://s3.eu-central-1.wasabisys.com/openlandmap/sol/calcaric.skeletic.cambisols_wrb2020_p_1km_s_1980_2020_go_epsg.4326_v20230411.tif,Calcaric.Skeletic.Cambisols_p_
30,https://s3.eu-central-1.wasabisys.com/openlandmap/sol/calcic.chernozem.luvic_wrb2020_p_1km_s_1980_2020_go_epsg.4326_v20230411.tif,Calcic.Chernozem.Luvic_p_
31,https://s3.eu-central-1.wasabisys.com/openlandmap/sol/calcic.chernozems_wrb2020_p_1km_s_1980_2020_go_epsg.4326_v20230411.tif,Calcic.Chernozems_p_
32,https://s3.eu-central-1.wasabisys.com/openlandmap/sol/calcic.gleysols_wrb2020_p_1km_s_1980_2020_go_epsg.4326_v20230411.tif,Calcic.Gleysols_p_
33,https://s3.eu-central-1.wasabisys.com/openlandmap/sol/calcic.gypsisols_wrb2020_p_1km_s_1980_2020_go_epsg.4326_v20230411.tif,Calcic.Gypsisols_p_
34,https://s3.eu-central-1.wasabisys.com/openlandmap/sol/calcic.histosols_wrb2020_p_1km_s_1980_2020_go_epsg.4326_v20230411.tif,Calcic.Histosols_p_
35,https://s3.eu-central-1.wasabisys.com/openlandmap/sol/calcic.kastanozem.luvic_wrb2020_p_1km_s_1980_2020_go_epsg.4326_v20230411.tif,Calcic.Kastanozem.Luvic_p_
36,https://s3.eu-central-1.wasabisys.com/openlandmap/sol/calcic.kastanozems_wrb2020_p_1km_s_1980_2020_go_epsg.4326_v20230411.tif,Calcic.Kastanozems_p_
37,https://s3.eu-central-1.wasabisys.com/openlandmap/sol/calcic.luvisols_wrb2020_p_1km_s_1980_2020_go_epsg.4326_v20230411.tif,Calcic.Luvisols_p_
38,https://s3.eu-central-1.wasabisys.com/openlandmap/sol/calcic.solonetz_wrb2020_p_1km_s_1980_2020_go_epsg.4326_v20230411.tif,Calcic.Solonetz_p_
39,https://s3.eu-central-1.wasabisys.com/openlandmap/sol/calcic.vertisols_wrb2020_p_1km_s_1980_2020_go_epsg.4326_v20230411.tif,Calcic.Vertisols_p_
40,https://s3.eu-central-1.wasabisys.com/openlandmap/sol/calcic.vertisols.humic_wrb2020_p_1km_s_1980_2020_go_epsg.4326_v20230411.tif,Calcic.Vertisols.Humic_p_
41,https://s3.eu-central-1.wasabisys.com/openlandmap/sol/cambic.cryosols_wrb2020_p_1km_s_1980_2020_go_epsg.4326_v20230411.tif,Cambic.Cryosols_p_
42,https://s3.eu-central-1.wasabisys.com/openlandmap/sol/cambic.endoleptic.phaeozems..loamic._wrb2020_p_1km_s_1980_2020_go_epsg.4326_v20230411.tif,Cambic.EndoLeptic.Phaeozems..Loamic._p_
43,https://s3.eu-central-1.wasabisys.com/openlandmap/sol/cambic.phaeozems..loamic._wrb2020_p_1km_s_1980_2020_go_epsg.4326_v20230411.tif,Cambic.Phaeozems..Loamic._p_
44,https://s3.eu-central-1.wasabisys.com/openlandmap/sol/cambic.phaeozems..pachic..loamic._wrb2020_p_1km_s_1980_2020_go_epsg.4326_v20230411.tif,Cambic.Phaeozems..Pachic..Loamic._p_
45,https://s3.eu-central-1.wasabisys.com/openlandmap/sol/cambic.umbrisols_wrb2020_p_1km_s_1980_2020_go_epsg.4326_v20230411.tif,Cambic.Umbrisols_p_
46,https://s3.eu-central-1.wasabisys.com/openlandmap/sol/cambic.umbrisols..hyperdystric._wrb2020_p_1km_s_1980_2020_go_epsg.4326_v20230411.tif,Cambic.Umbrisols..Hyperdystric._p_
47,https://s3.eu-central-1.wasabisys.com/openlandmap/sol/chernic.gleysols_wrb2020_p_1km_s_1980_2020_go_epsg.4326_v20230411.tif,Chernic.Gleysols_p_
48,https://s3.eu-central-1.wasabisys.com/openlandmap/sol/chromic.acrisols_wrb2020_p_1km_s_1980_2020_go_epsg.4326_v20230411.tif,Chromic.Acrisols_p_
49,https://s3.eu-central-1.wasabisys.com/openlandmap/sol/chromic.cambisols_wrb2020_p_1km_s_1980_2020_go_epsg.4326_v20230411.tif,Chromic.Cambisols_p_
50,https://s3.eu-central-1.wasabisys.com/openlandmap/sol/chromic.endoleptic.luvisols_wrb2020_p_1km_s_1980_2020_go_epsg.4326_v20230411.tif,Chromic.Endoleptic.Luvisols_p_
51,https://s3.eu-central-1.wasabisys.com/openlandmap/sol/chromic.lixisols_wrb2020_p_1km_s_1980_2020_go_epsg.4326_v20230411.tif,Chromic.Lixisols_p_
52,https://s3.eu-central-1.wasabisys.com/openlandmap/sol/chromic.luvisols_wrb2020_p_1km_s_1980_2020_go_epsg.4326_v20230411.tif,Chromic.Luvisols_p_
53,https://s3.eu-central-1.wasabisys.com/openlandmap/sol/chromic.paraleptic.cambisols_wrb2020_p_1km_s_1980_2020_go_epsg.4326_v20230411.tif,Chromic.Paraleptic.Cambisols_p_
54,https://s3.eu-central-1.wasabisys.com/openlandmap/sol/claric.arenosols_wrb2020_p_1km_s_1980_2020_go_epsg.4326_v20230411.tif,Claric.Arenosols_p_
55,https://s3.eu-central-1.wasabisys.com/openlandmap/sol/colluvic.regosols_wrb2020_p_1km_s_1980_2020_go_epsg.4326_v20230411.tif,Colluvic.Regosols_p_
56,https://s3.eu-central-1.wasabisys.com/openlandmap/sol/cromic.luvisols_wrb2020_p_1km_s_1980_2020_go_epsg.4326_v20230411.tif,Cromic.Luvisols_p_
57,https://s3.eu-central-1.wasabisys.com/openlandmap/sol/cutanic.lixisols_wrb2020_p_1km_s_1980_2020_go_epsg.4326_v20230411.tif,Cutanic.Lixisols_p_
58,https://s3.eu-central-1.wasabisys.com/openlandmap/sol/dystric.arenosols_wrb2020_p_1km_s_1980_2020_go_epsg.4326_v20230411.tif,Dystric.Arenosols_p_
59,https://s3.eu-central-1.wasabisys.com/openlandmap/sol/dystric.cambisols_wrb2020_p_1km_s_1980_2020_go_epsg.4326_v20230411.tif,Dystric.Cambisols_p_
60,https://s3.eu-central-1.wasabisys.com/openlandmap/sol/dystric.cambisols..humic..loamic._wrb2020_p_1km_s_1980_2020_go_epsg.4326_v20230411.tif,Dystric.Cambisols..Humic..Loamic._p_
61,https://s3.eu-central-1.wasabisys.com/openlandmap/sol/dystric.cambisols..protospodic..arenic._wrb2020_p_1km_s_1980_2020_go_epsg.4326_v20230411.tif,Dystric.Cambisols..Protospodic..Arenic._p_
62,https://s3.eu-central-1.wasabisys.com/openlandmap/sol/dystric.fluvisols_wrb2020_p_1km_s_1980_2020_go_epsg.4326_v20230411.tif,Dystric.Fluvisols_p_
63,https://s3.eu-central-1.wasabisys.com/openlandmap/sol/dystric.gleysols_wrb2020_p_1km_s_1980_2020_go_epsg.4326_v20230411.tif,Dystric.Gleysols_p_
64,https://s3.eu-central-1.wasabisys.com/openlandmap/sol/dystric.leptosols_wrb2020_p_1km_s_1980_2020_go_epsg.4326_v20230411.tif,Dystric.Leptosols_p_
65,https://s3.eu-central-1.wasabisys.com/openlandmap/sol/dystric.planosols_wrb2020_p_1km_s_1980_2020_go_epsg.4326_v20230411.tif,Dystric.Planosols_p_
66,https://s3.eu-central-1.wasabisys.com/openlandmap/sol/dystric.plintohsols_wrb2020_p_1km_s_1980_2020_go_epsg.4326_v20230411.tif,Dystric.Plintohsols_p_
67,https://s3.eu-central-1.wasabisys.com/openlandmap/sol/dystric.regosols_wrb2020_p_1km_s_1980_2020_go_epsg.4326_v20230411.tif,Dystric.Regosols_p_
68,https://s3.eu-central-1.wasabisys.com/openlandmap/sol/endoleptic.calcisols.luvic_wrb2020_p_1km_s_1980_2020_go_epsg.4326_v20230411.tif,Endoleptic.Calcisols.Luvic_p_
69,https://s3.eu-central-1.wasabisys.com/openlandmap/sol/endoleptic.cambisols.calcaric_wrb2020_p_1km_s_1980_2020_go_epsg.4326_v20230411.tif,Endoleptic.Cambisols.Calcaric_p_
70,https://s3.eu-central-1.wasabisys.com/openlandmap/sol/endoleptic.cambisols.humic_wrb2020_p_1km_s_1980_2020_go_epsg.4326_v20230411.tif,Endoleptic.Cambisols.Humic_p_
71,https://s3.eu-central-1.wasabisys.com/openlandmap/sol/endoleptic.luvisols_wrb2020_p_1km_s_1980_2020_go_epsg.4326_v20230411.tif,Endoleptic.Luvisols_p_
72,https://s3.eu-central-1.wasabisys.com/openlandmap/sol/endoleptic.luvisols.abruptic_wrb2020_p_1km_s_1980_2020_go_epsg.4326_v20230411.tif,Endoleptic.Luvisols.Abruptic_p_
73,https://s3.eu-central-1.wasabisys.com/openlandmap/sol/endoleptic.luvisols.aridic_wrb2020_p_1km_s_1980_2020_go_epsg.4326_v20230411.tif,Endoleptic.Luvisols.Aridic_p_
74,https://s3.eu-central-1.wasabisys.com/openlandmap/sol/endoleptic.luvisols.epiesqueletic_wrb2020_p_1km_s_1980_2020_go_epsg.4326_v20230411.tif,Endoleptic.Luvisols.Epiesqueletic_p_
75,https://s3.eu-central-1.wasabisys.com/openlandmap/sol/endoleptic.luvisols.esqueletic_wrb2020_p_1km_s_1980_2020_go_epsg.4326_v20230411.tif,Endoleptic.Luvisols.Esqueletic_p_
76,https://s3.eu-central-1.wasabisys.com/openlandmap/sol/endoleptic.luvisols.humic_wrb2020_p_1km_s_1980_2020_go_epsg.4326_v20230411.tif,Endoleptic.Luvisols.Humic_p_
77,https://s3.eu-central-1.wasabisys.com/openlandmap/sol/endoleptic.luvisols.umbric_wrb2020_p_1km_s_1980_2020_go_epsg.4326_v20230411.tif,Endoleptic.Luvisols.Umbric_p_
78,https://s3.eu-central-1.wasabisys.com/openlandmap/sol/endoleptic.luvisols.vertic_wrb2020_p_1km_s_1980_2020_go_epsg.4326_v20230411.tif,Endoleptic.Luvisols.Vertic_p_
79,https://s3.eu-central-1.wasabisys.com/openlandmap/sol/endoleptic.phaeozem.esqueletic_wrb2020_p_1km_s_1980_2020_go_epsg.4326_v20230411.tif,Endoleptic.Phaeozem.Esqueletic_p_
80,https://s3.eu-central-1.wasabisys.com/openlandmap/sol/endoleptic.phaeozem.humic_wrb2020_p_1km_s_1980_2020_go_epsg.4326_v20230411.tif,Endoleptic.Phaeozem.Humic_p_
81,https://s3.eu-central-1.wasabisys.com/openlandmap/sol/endoleptic.phaeozem.luvic_wrb2020_p_1km_s_1980_2020_go_epsg.4326_v20230411.tif,Endoleptic.Phaeozem.Luvic_p_
82,https://s3.eu-central-1.wasabisys.com/openlandmap/sol/endoleptic.regosols.arenic_wrb2020_p_1km_s_1980_2020_go_epsg.4326_v20230411.tif,Endoleptic.Regosols.Arenic_p_
83,https://s3.eu-central-1.wasabisys.com/openlandmap/sol/endoleptic.regosols.calcaric_wrb2020_p_1km_s_1980_2020_go_epsg.4326_v20230411.tif,Endoleptic.Regosols.Calcaric_p_
84,https://s3.eu-central-1.wasabisys.com/openlandmap/sol/endoleptic.regosols.esqueletic_wrb2020_p_1km_s_1980_2020_go_epsg.4326_v20230411.tif,Endoleptic.Regosols.Esqueletic_p_
85,https://s3.eu-central-1.wasabisys.com/openlandmap/sol/endoleptic.regosols.humic_wrb2020_p_1km_s_1980_2020_go_epsg.4326_v20230411.tif,Endoleptic.Regosols.Humic_p_
86,https://s3.eu-central-1.wasabisys.com/openlandmap/sol/endoleptic.umbrisols.humic_wrb2020_p_1km_s_1980_2020_go_epsg.4326_v20230411.tif,Endoleptic.Umbrisols.Humic_p_
87,https://s3.eu-central-1.wasabisys.com/openlandmap/sol/endoleptic.vertisols.humic_wrb2020_p_1km_s_1980_2020_go_epsg.4326_v20230411.tif,Endoleptic.Vertisols.Humic_p_
88,https://s3.eu-central-1.wasabisys.com/openlandmap/sol/endopetric.calcisols.hipercalcic_wrb2020_p_1km_s_1980_2020_go_epsg.4326_v20230411.tif,Endopetric.Calcisols.Hipercalcic_p_
89,https://s3.eu-central-1.wasabisys.com/openlandmap/sol/endopetric.calcisols.luvic_wrb2020_p_1km_s_1980_2020_go_epsg.4326_v20230411.tif,Endopetric.Calcisols.Luvic_p_
90,https://s3.eu-central-1.wasabisys.com/openlandmap/sol/entic.podzols_wrb2020_p_1km_s_1980_2020_go_epsg.4326_v20230411.tif,Entic.Podzols_p_
91,https://s3.eu-central-1.wasabisys.com/openlandmap/sol/epileptic.cambisols.humic_wrb2020_p_1km_s_1980_2020_go_epsg.4326_v20230411.tif,Epileptic.Cambisols.Humic_p_
92,https://s3.eu-central-1.wasabisys.com/openlandmap/sol/epileptic.luvisols.abruptic_wrb2020_p_1km_s_1980_2020_go_epsg.4326_v20230411.tif,Epileptic.Luvisols.Abruptic_p_
93,https://s3.eu-central-1.wasabisys.com/openlandmap/sol/epileptic.luvisols.esqueletic_wrb2020_p_1km_s_1980_2020_go_epsg.4326_v20230411.tif,Epileptic.Luvisols.Esqueletic_p_
94,https://s3.eu-central-1.wasabisys.com/openlandmap/sol/epileptic.luvisols.humic_wrb2020_p_1km_s_1980_2020_go_epsg.4326_v20230411.tif,Epileptic.Luvisols.Humic_p_
95,https://s3.eu-central-1.wasabisys.com/openlandmap/sol/epileptic.phaeozem.calcaric_wrb2020_p_1km_s_1980_2020_go_epsg.4326_v20230411.tif,Epileptic.Phaeozem.Calcaric_p_
96,https://s3.eu-central-1.wasabisys.com/openlandmap/sol/epileptic.phaeozem.esqueletic_wrb2020_p_1km_s_1980_2020_go_epsg.4326_v20230411.tif,Epileptic.Phaeozem.Esqueletic_p_
97,https://s3.eu-central-1.wasabisys.com/openlandmap/sol/epileptic.phaeozem.humic_wrb2020_p_1km_s_1980_2020_go_epsg.4326_v20230411.tif,Epileptic.Phaeozem.Humic_p_
98,https://s3.eu-central-1.wasabisys.com/openlandmap/sol/epileptic.phaeozem.luvic_wrb2020_p_1km_s_1980_2020_go_epsg.4326_v20230411.tif,Epileptic.Phaeozem.Luvic_p_
99,https://s3.eu-central-1.wasabisys.com/openlandmap/sol/epileptic.phaeozem.vertic_wrb2020_p_1km_s_1980_2020_go_epsg.4326_v20230411.tif,Epileptic.Phaeozem.Vertic_p_
100,https://s3.eu-central-1.wasabisys.com/openlandmap/sol/epileptic.phaeozems..loamic._wrb2020_p_1km_s_1980_2020_go_epsg.4326_v20230411.tif,EpiLeptic.Phaeozems..Loamic._p_
101,https://s3.eu-central-1.wasabisys.com/openlandmap/sol/epileptic.regosols.aridic_wrb2020_p_1km_s_1980_2020_go_epsg.4326_v20230411.tif,Epileptic.Regosols.Aridic_p_
102,https://s3.eu-central-1.wasabisys.com/openlandmap/sol/epileptic.regosols.calcaric_wrb2020_p_1km_s_1980_2020_go_epsg.4326_v20230411.tif,Epileptic.Regosols.Calcaric_p_
103,https://s3.eu-central-1.wasabisys.com/openlandmap/sol/epileptic.regosols.dystric_wrb2020_p_1km_s_1980_2020_go_epsg.4326_v20230411.tif,Epileptic.Regosols.dystric_p_
104,https://s3.eu-central-1.wasabisys.com/openlandmap/sol/epileptic.regosols.esqueletic_wrb2020_p_1km_s_1980_2020_go_epsg.4326_v20230411.tif,Epileptic.Regosols.Esqueletic_p_
105,https://s3.eu-central-1.wasabisys.com/openlandmap/sol/epileptic.regosols.eutric_wrb2020_p_1km_s_1980_2020_go_epsg.4326_v20230411.tif,Epileptic.Regosols.Eutric_p_
106,https://s3.eu-central-1.wasabisys.com/openlandmap/sol/epileptic.regosols.humic_wrb2020_p_1km_s_1980_2020_go_epsg.4326_v20230411.tif,Epileptic.Regosols.Humic_p_
107,https://s3.eu-central-1.wasabisys.com/openlandmap/sol/epileptic.umbrisols.humic_wrb2020_p_1km_s_1980_2020_go_epsg.4326_v20230411.tif,Epileptic.Umbrisols.Humic_p_
108,https://s3.eu-central-1.wasabisys.com/openlandmap/sol/epileptic.vertisols.esqueletic_wrb2020_p_1km_s_1980_2020_go_epsg.4326_v20230411.tif,Epileptic.Vertisols.Esqueletic_p_
109,https://s3.eu-central-1.wasabisys.com/openlandmap/sol/epileptic.vertisols.humic_wrb2020_p_1km_s_1980_2020_go_epsg.4326_v20230411.tif,Epileptic.Vertisols.Humic_p_
110,https://s3.eu-central-1.wasabisys.com/openlandmap/sol/epipetric.calcisols_wrb2020_p_1km_s_1980_2020_go_epsg.4326_v20230411.tif,Epipetric.Calcisols_p_
111,https://s3.eu-central-1.wasabisys.com/openlandmap/sol/epipetric.calcisols.aridic_wrb2020_p_1km_s_1980_2020_go_epsg.4326_v20230411.tif,Epipetric.Calcisols.Aridic_p_
112,https://s3.eu-central-1.wasabisys.com/openlandmap/sol/epipetric.calcisols.esqueletic_wrb2020_p_1km_s_1980_2020_go_epsg.4326_v20230411.tif,Epipetric.Calcisols.Esqueletic_p_
113,https://s3.eu-central-1.wasabisys.com/openlandmap/sol/epipetric.calcisols.hipercalcic_wrb2020_p_1km_s_1980_2020_go_epsg.4326_v20230411.tif,Epipetric.Calcisols.Hipercalcic_p_
114,https://s3.eu-central-1.wasabisys.com/openlandmap/sol/epipetric.calcisols.humic_wrb2020_p_1km_s_1980_2020_go_epsg.4326_v20230411.tif,Epipetric.Calcisols.Humic_p_
115,https://s3.eu-central-1.wasabisys.com/openlandmap/sol/epipetric.calcisols.luvic_wrb2020_p_1km_s_1980_2020_go_epsg.4326_v20230411.tif,Epipetric.Calcisols.Luvic_p_
116,https://s3.eu-central-1.wasabisys.com/openlandmap/sol/epipetric.calcisols.sodic_wrb2020_p_1km_s_1980_2020_go_epsg.4326_v20230411.tif,Epipetric.Calcisols.Sodic_p_
117,https://s3.eu-central-1.wasabisys.com/openlandmap/sol/epipetric.durisols.luvic_wrb2020_p_1km_s_1980_2020_go_epsg.4326_v20230411.tif,Epipetric.Durisols.Luvic_p_
118,https://s3.eu-central-1.wasabisys.com/openlandmap/sol/epipetrocalcic.kastanozem.humic_wrb2020_p_1km_s_1980_2020_go_epsg.4326_v20230411.tif,Epipetrocalcic.Kastanozem.Humic_p_
119,https://s3.eu-central-1.wasabisys.com/openlandmap/sol/epipetrocalcic.phaeozem.calcaric_wrb2020_p_1km_s_1980_2020_go_epsg.4326_v20230411.tif,Epipetrocalcic.Phaeozem.Calcaric_p_
120,https://s3.eu-central-1.wasabisys.com/openlandmap/sol/epipetrocalcic.phaeozem.humic_wrb2020_p_1km_s_1980_2020_go_epsg.4326_v20230411.tif,Epipetrocalcic.Phaeozem.Humic_p_
121,https://s3.eu-central-1.wasabisys.com/openlandmap/sol/esqueletic.leptosols_wrb2020_p_1km_s_1980_2020_go_epsg.4326_v20230411.tif,Esqueletic.Leptosols_p_
122,https://s3.eu-central-1.wasabisys.com/openlandmap/sol/esqueletic.leptosols.aridic_wrb2020_p_1km_s_1980_2020_go_epsg.4326_v20230411.tif,Esqueletic.Leptosols.Aridic_p_
123,https://s3.eu-central-1.wasabisys.com/openlandmap/sol/esqueletic.leptosols.calcaric_wrb2020_p_1km_s_1980_2020_go_epsg.4326_v20230411.tif,Esqueletic.Leptosols.Calcaric_p_
124,https://s3.eu-central-1.wasabisys.com/openlandmap/sol/esqueletic.leptosols.eutric_wrb2020_p_1km_s_1980_2020_go_epsg.4326_v20230411.tif,Esqueletic.Leptosols.Eutric_p_
125,https://s3.eu-central-1.wasabisys.com/openlandmap/sol/esqueletic.leptosols.humic_wrb2020_p_1km_s_1980_2020_go_epsg.4326_v20230411.tif,Esqueletic.Leptosols.Humic_p_
126,https://s3.eu-central-1.wasabisys.com/openlandmap/sol/esqueletic.leptosols.molic_wrb2020_p_1km_s_1980_2020_go_epsg.4326_v20230411.tif,Esqueletic.Leptosols.Molic_p_
127,https://s3.eu-central-1.wasabisys.com/openlandmap/sol/esqueletic.leptosols.rendzic_wrb2020_p_1km_s_1980_2020_go_epsg.4326_v20230411.tif,Esqueletic.Leptosols.Rendzic_p_
128,https://s3.eu-central-1.wasabisys.com/openlandmap/sol/eutric.arenosols_wrb2020_p_1km_s_1980_2020_go_epsg.4326_v20230411.tif,Eutric.Arenosols_p_
129,https://s3.eu-central-1.wasabisys.com/openlandmap/sol/eutric.brunic.arenosols_wrb2020_p_1km_s_1980_2020_go_epsg.4326_v20230411.tif,Eutric.Brunic.Arenosols_p_
130,https://s3.eu-central-1.wasabisys.com/openlandmap/sol/eutric.cambisols_wrb2020_p_1km_s_1980_2020_go_epsg.4326_v20230411.tif,Eutric.Cambisols_p_
131,https://s3.eu-central-1.wasabisys.com/openlandmap/sol/eutric.cambisols..humic..loamic._wrb2020_p_1km_s_1980_2020_go_epsg.4326_v20230411.tif,Eutric.Cambisols..Humic..Loamic._p_
132,https://s3.eu-central-1.wasabisys.com/openlandmap/sol/eutric.cambisols..loamic._wrb2020_p_1km_s_1980_2020_go_epsg.4326_v20230411.tif,Eutric.Cambisols..Loamic._p_
133,https://s3.eu-central-1.wasabisys.com/openlandmap/sol/eutric.chromic.cambisols_wrb2020_p_1km_s_1980_2020_go_epsg.4326_v20230411.tif,Eutric.Chromic.Cambisols_p_
134,https://s3.eu-central-1.wasabisys.com/openlandmap/sol/eutric.endoleptic.cambisols_wrb2020_p_1km_s_1980_2020_go_epsg.4326_v20230411.tif,Eutric.Endoleptic.Cambisols_p_
135,https://s3.eu-central-1.wasabisys.com/openlandmap/sol/eutric.fluvic.cambisols_wrb2020_p_1km_s_1980_2020_go_epsg.4326_v20230411.tif,Eutric.Fluvic.Cambisols_p_
136,https://s3.eu-central-1.wasabisys.com/openlandmap/sol/eutric.fluvisols_wrb2020_p_1km_s_1980_2020_go_epsg.4326_v20230411.tif,Eutric.Fluvisols_p_
137,https://s3.eu-central-1.wasabisys.com/openlandmap/sol/eutric.gleysols_wrb2020_p_1km_s_1980_2020_go_epsg.4326_v20230411.tif,Eutric.Gleysols_p_
138,https://s3.eu-central-1.wasabisys.com/openlandmap/sol/eutric.leptic.cambisols_wrb2020_p_1km_s_1980_2020_go_epsg.4326_v20230411.tif,Eutric.Leptic.Cambisols_p_
139,https://s3.eu-central-1.wasabisys.com/openlandmap/sol/eutric.leptosols_wrb2020_p_1km_s_1980_2020_go_epsg.4326_v20230411.tif,Eutric.Leptosols_p_
140,https://s3.eu-central-1.wasabisys.com/openlandmap/sol/eutric.paraleptic.cambisols_wrb2020_p_1km_s_1980_2020_go_epsg.4326_v20230411.tif,Eutric.Paraleptic.Cambisols_p_
141,https://s3.eu-central-1.wasabisys.com/openlandmap/sol/eutric.planosols_wrb2020_p_1km_s_1980_2020_go_epsg.4326_v20230411.tif,Eutric.Planosols_p_
142,https://s3.eu-central-1.wasabisys.com/openlandmap/sol/eutric.plinthosols_wrb2020_p_1km_s_1980_2020_go_epsg.4326_v20230411.tif,Eutric.Plinthosols_p_
143,https://s3.eu-central-1.wasabisys.com/openlandmap/sol/eutric.regosols_wrb2020_p_1km_s_1980_2020_go_epsg.4326_v20230411.tif,Eutric.Regosols_p_
144,https://s3.eu-central-1.wasabisys.com/openlandmap/sol/eutric.retisols_wrb2020_p_1km_s_1980_2020_go_epsg.4326_v20230411.tif,Eutric.Retisols_p_
145,https://s3.eu-central-1.wasabisys.com/openlandmap/sol/eutric.stagnosols_wrb2020_p_1km_s_1980_2020_go_epsg.4326_v20230411.tif,Eutric.Stagnosols_p_
146,https://s3.eu-central-1.wasabisys.com/openlandmap/sol/eutric.vertisols_wrb2020_p_1km_s_1980_2020_go_epsg.4326_v20230411.tif,Eutric.Vertisols_p_
147,https://s3.eu-central-1.wasabisys.com/openlandmap/sol/ferralic..hypoluvic.arenosols_wrb2020_p_1km_s_1980_2020_go_epsg.4326_v20230411.tif,Ferralic..Hypoluvic.Arenosols_p_
148,https://s3.eu-central-1.wasabisys.com/openlandmap/sol/ferralic.arenosols_wrb2020_p_1km_s_1980_2020_go_epsg.4326_v20230411.tif,Ferralic.Arenosols_p_
149,https://s3.eu-central-1.wasabisys.com/openlandmap/sol/ferralic.cambisols_wrb2020_p_1km_s_1980_2020_go_epsg.4326_v20230411.tif,Ferralic.Cambisols_p_
150,https://s3.eu-central-1.wasabisys.com/openlandmap/sol/ferric.acrisols_wrb2020_p_1km_s_1980_2020_go_epsg.4326_v20230411.tif,Ferric.Acrisols_p_
151,https://s3.eu-central-1.wasabisys.com/openlandmap/sol/ferric.alisols_wrb2020_p_1km_s_1980_2020_go_epsg.4326_v20230411.tif,Ferric.Alisols_p_
152,https://s3.eu-central-1.wasabisys.com/openlandmap/sol/ferric.lixisols_wrb2020_p_1km_s_1980_2020_go_epsg.4326_v20230411.tif,Ferric.Lixisols_p_
153,https://s3.eu-central-1.wasabisys.com/openlandmap/sol/ferric.luvisols_wrb2020_p_1km_s_1980_2020_go_epsg.4326_v20230411.tif,Ferric.Luvisols_p_
154,https://s3.eu-central-1.wasabisys.com/openlandmap/sol/fibric.histosols_wrb2020_p_1km_s_1980_2020_go_epsg.4326_v20230411.tif,Fibric.Histosols_p_
155,https://s3.eu-central-1.wasabisys.com/openlandmap/sol/fluvic.cambisols_wrb2020_p_1km_s_1980_2020_go_epsg.4326_v20230411.tif,Fluvic.Cambisols_p_
156,https://s3.eu-central-1.wasabisys.com/openlandmap/sol/fluvic.phaeozems_wrb2020_p_1km_s_1980_2020_go_epsg.4326_v20230411.tif,Fluvic.Phaeozems_p_
157,https://s3.eu-central-1.wasabisys.com/openlandmap/sol/fluvic.solonchaks_wrb2020_p_1km_s_1980_2020_go_epsg.4326_v20230411.tif,Fluvic.Solonchaks_p_
158,https://s3.eu-central-1.wasabisys.com/openlandmap/sol/fluvic.stagnosols_wrb2020_p_1km_s_1980_2020_go_epsg.4326_v20230411.tif,Fluvic.Stagnosols_p_
159,https://s3.eu-central-1.wasabisys.com/openlandmap/sol/folic.histosols_wrb2020_p_1km_s_1980_2020_go_epsg.4326_v20230411.tif,Folic.Histosols_p_
160,https://s3.eu-central-1.wasabisys.com/openlandmap/sol/geric.ferralsols_wrb2020_p_1km_s_1980_2020_go_epsg.4326_v20230411.tif,Geric.Ferralsols_p_
161,https://s3.eu-central-1.wasabisys.com/openlandmap/sol/glaciers_wrb2020_p_1km_s_1980_2020_go_epsg.4326_v20230411.tif,Glaciers_p_
162,https://s3.eu-central-1.wasabisys.com/openlandmap/sol/gleyic.acrisols_wrb2020_p_1km_s_1980_2020_go_epsg.4326_v20230411.tif,Gleyic.Acrisols_p_
163,https://s3.eu-central-1.wasabisys.com/openlandmap/sol/gleyic.cambisols_wrb2020_p_1km_s_1980_2020_go_epsg.4326_v20230411.tif,Gleyic.Cambisols_p_
164,https://s3.eu-central-1.wasabisys.com/openlandmap/sol/gleyic.ferrasols_wrb2020_p_1km_s_1980_2020_go_epsg.4326_v20230411.tif,Gleyic.Ferrasols_p_
165,https://s3.eu-central-1.wasabisys.com/openlandmap/sol/gleyic.fluvisols_wrb2020_p_1km_s_1980_2020_go_epsg.4326_v20230411.tif,Gleyic.Fluvisols_p_
166,https://s3.eu-central-1.wasabisys.com/openlandmap/sol/gleyic.luvisols_wrb2020_p_1km_s_1980_2020_go_epsg.4326_v20230411.tif,Gleyic.Luvisols_p_
167,https://s3.eu-central-1.wasabisys.com/openlandmap/sol/gleyic.phaeozems_wrb2020_p_1km_s_1980_2020_go_epsg.4326_v20230411.tif,Gleyic.Phaeozems_p_
168,https://s3.eu-central-1.wasabisys.com/openlandmap/sol/gleyic.planosols_wrb2020_p_1km_s_1980_2020_go_epsg.4326_v20230411.tif,Gleyic.Planosols_p_
169,https://s3.eu-central-1.wasabisys.com/openlandmap/sol/gleyic.podzols_wrb2020_p_1km_s_1980_2020_go_epsg.4326_v20230411.tif,Gleyic.Podzols_p_
170,https://s3.eu-central-1.wasabisys.com/openlandmap/sol/gleyic.pozols_wrb2020_p_1km_s_1980_2020_go_epsg.4326_v20230411.tif,Gleyic.Pozols_p_
171,https://s3.eu-central-1.wasabisys.com/openlandmap/sol/gleyic.retisols_wrb2020_p_1km_s_1980_2020_go_epsg.4326_v20230411.tif,Gleyic.Retisols_p_
172,https://s3.eu-central-1.wasabisys.com/openlandmap/sol/gleyic.solonetz_wrb2020_p_1km_s_1980_2020_go_epsg.4326_v20230411.tif,Gleyic.Solonetz_p_
173,https://s3.eu-central-1.wasabisys.com/openlandmap/sol/gleyic.vertisols.humic_wrb2020_p_1km_s_1980_2020_go_epsg.4326_v20230411.tif,Gleyic.Vertisols.Humic_p_
174,https://s3.eu-central-1.wasabisys.com/openlandmap/sol/greyzemic.phaeozems_wrb2020_p_1km_s_1980_2020_go_epsg.4326_v20230411.tif,Greyzemic.Phaeozems_p_
175,https://s3.eu-central-1.wasabisys.com/openlandmap/sol/gypsic.solonchaks_wrb2020_p_1km_s_1980_2020_go_epsg.4326_v20230411.tif,Gypsic.Solonchaks_p_
176,https://s3.eu-central-1.wasabisys.com/openlandmap/sol/haplic.acrisols_wrb2020_p_1km_s_1980_2020_go_epsg.4326_v20230411.tif,Haplic.Acrisols_p_
177,https://s3.eu-central-1.wasabisys.com/openlandmap/sol/haplic.alisols_wrb2020_p_1km_s_1980_2020_go_epsg.4326_v20230411.tif,Haplic.Alisols_p_
178,https://s3.eu-central-1.wasabisys.com/openlandmap/sol/haplic.calcisols_wrb2020_p_1km_s_1980_2020_go_epsg.4326_v20230411.tif,Haplic.Calcisols_p_
179,https://s3.eu-central-1.wasabisys.com/openlandmap/sol/haplic.chernozems_wrb2020_p_1km_s_1980_2020_go_epsg.4326_v20230411.tif,Haplic.Chernozems_p_
180,https://s3.eu-central-1.wasabisys.com/openlandmap/sol/haplic.cryosols_wrb2020_p_1km_s_1980_2020_go_epsg.4326_v20230411.tif,Haplic.Cryosols_p_
181,https://s3.eu-central-1.wasabisys.com/openlandmap/sol/haplic.ferralsols_wrb2020_p_1km_s_1980_2020_go_epsg.4326_v20230411.tif,Haplic.Ferralsols_p_
182,https://s3.eu-central-1.wasabisys.com/openlandmap/sol/haplic.ferrasols_wrb2020_p_1km_s_1980_2020_go_epsg.4326_v20230411.tif,Haplic.Ferrasols_p_
183,https://s3.eu-central-1.wasabisys.com/openlandmap/sol/haplic.gypsisols_wrb2020_p_1km_s_1980_2020_go_epsg.4326_v20230411.tif,Haplic.Gypsisols_p_
184,https://s3.eu-central-1.wasabisys.com/openlandmap/sol/haplic.kastanozem_wrb2020_p_1km_s_1980_2020_go_epsg.4326_v20230411.tif,Haplic.Kastanozem_p_
185,https://s3.eu-central-1.wasabisys.com/openlandmap/sol/haplic.kastanozems_wrb2020_p_1km_s_1980_2020_go_epsg.4326_v20230411.tif,Haplic.Kastanozems_p_
186,https://s3.eu-central-1.wasabisys.com/openlandmap/sol/haplic.lixisols_wrb2020_p_1km_s_1980_2020_go_epsg.4326_v20230411.tif,Haplic.Lixisols_p_
187,https://s3.eu-central-1.wasabisys.com/openlandmap/sol/haplic.luvisols_wrb2020_p_1km_s_1980_2020_go_epsg.4326_v20230411.tif,Haplic.Luvisols_p_
188,https://s3.eu-central-1.wasabisys.com/openlandmap/sol/haplic.luvisols._wrb2020_p_1km_s_1980_2020_go_epsg.4326_v20230411.tif,Haplic.Luvisols._p_
189,https://s3.eu-central-1.wasabisys.com/openlandmap/sol/haplic.luvisols..clayic._wrb2020_p_1km_s_1980_2020_go_epsg.4326_v20230411.tif,Haplic.Luvisols..Clayic._p_
190,https://s3.eu-central-1.wasabisys.com/openlandmap/sol/haplic.phaeozem_wrb2020_p_1km_s_1980_2020_go_epsg.4326_v20230411.tif,Haplic.Phaeozem_p_
191,https://s3.eu-central-1.wasabisys.com/openlandmap/sol/haplic.phaeozems_wrb2020_p_1km_s_1980_2020_go_epsg.4326_v20230411.tif,Haplic.Phaeozems_p_
192,https://s3.eu-central-1.wasabisys.com/openlandmap/sol/haplic.plinthosols_wrb2020_p_1km_s_1980_2020_go_epsg.4326_v20230411.tif,Haplic.Plinthosols_p_
193,https://s3.eu-central-1.wasabisys.com/openlandmap/sol/haplic.solonchaks_wrb2020_p_1km_s_1980_2020_go_epsg.4326_v20230411.tif,Haplic.Solonchaks_p_
194,https://s3.eu-central-1.wasabisys.com/openlandmap/sol/haplic.solonetz_wrb2020_p_1km_s_1980_2020_go_epsg.4326_v20230411.tif,Haplic.Solonetz_p_
195,https://s3.eu-central-1.wasabisys.com/openlandmap/sol/haplic.umbrisols_wrb2020_p_1km_s_1980_2020_go_epsg.4326_v20230411.tif,Haplic.Umbrisols_p_
196,https://s3.eu-central-1.wasabisys.com/openlandmap/sol/haplic.vertisols_wrb2020_p_1km_s_1980_2020_go_epsg.4326_v20230411.tif,Haplic.Vertisols_p_
197,https://s3.eu-central-1.wasabisys.com/openlandmap/sol/haplic.cambic.gleyic.phaeozem_wrb2020_p_1km_s_1980_2020_go_epsg.4326_v20230411.tif,Haplic.Cambic.Gleyic.Phaeozem_p_
198,https://s3.eu-central-1.wasabisys.com/openlandmap/sol/hemic.histosols_wrb2020_p_1km_s_1980_2020_go_epsg.4326_v20230411.tif,Hemic.Histosols_p_
199,https://s3.eu-central-1.wasabisys.com/openlandmap/sol/hipercalcic.calcisols_wrb2020_p_1km_s_1980_2020_go_epsg.4326_v20230411.tif,Hipercalcic.Calcisols_p_
200,https://s3.eu-central-1.wasabisys.com/openlandmap/sol/hipercalcic.calcisols.epileptic_wrb2020_p_1km_s_1980_2020_go_epsg.4326_v20230411.tif,Hipercalcic.Calcisols.Epileptic_p_
201,https://s3.eu-central-1.wasabisys.com/openlandmap/sol/hipercalcic.calcisols.luvic_wrb2020_p_1km_s_1980_2020_go_epsg.4326_v20230411.tif,Hipercalcic.Calcisols.Luvic_p_
202,https://s3.eu-central-1.wasabisys.com/openlandmap/sol/hiperesqueletic.leptosols.eutric_wrb2020_p_1km_s_1980_2020_go_epsg.4326_v20230411.tif,Hiperesqueletic.Leptosols.Eutric_p_
203,https://s3.eu-central-1.wasabisys.com/openlandmap/sol/hiperesqueletic.leptosols.humic_wrb2020_p_1km_s_1980_2020_go_epsg.4326_v20230411.tif,Hiperesqueletic.Leptosols.Humic_p_
204,https://s3.eu-central-1.wasabisys.com/openlandmap/sol/hipersodic.arenosols.calcaric_wrb2020_p_1km_s_1980_2020_go_epsg.4326_v20230411.tif,Hipersodic.Arenosols.Calcaric_p_
205,https://s3.eu-central-1.wasabisys.com/openlandmap/sol/hipersodic.cambisols.calcaric_wrb2020_p_1km_s_1980_2020_go_epsg.4326_v20230411.tif,Hipersodic.Cambisols.Calcaric_p_
206,https://s3.eu-central-1.wasabisys.com/openlandmap/sol/hipersodic.solonchak.gleyic_wrb2020_p_1km_s_1980_2020_go_epsg.4326_v20230411.tif,Hipersodic.Solonchak.Gleyic_p_
207,https://s3.eu-central-1.wasabisys.com/openlandmap/sol/hipersodic.solonchak.hipersalic_wrb2020_p_1km_s_1980_2020_go_epsg.4326_v20230411.tif,Hipersodic.Solonchak.Hipersalic_p_
208,https://s3.eu-central-1.wasabisys.com/openlandmap/sol/hiposodic.arenosols_wrb2020_p_1km_s_1980_2020_go_epsg.4326_v20230411.tif,Hiposodic.Arenosols_p_
209,https://s3.eu-central-1.wasabisys.com/openlandmap/sol/histic.fluvisols_wrb2020_p_1km_s_1980_2020_go_epsg.4326_v20230411.tif,Histic.Fluvisols_p_
210,https://s3.eu-central-1.wasabisys.com/openlandmap/sol/histosols..dystric._wrb2020_p_1km_s_1980_2020_go_epsg.4326_v20230411.tif,Histosols..Dystric._p_
211,https://s3.eu-central-1.wasabisys.com/openlandmap/sol/histosols..eutric._wrb2020_p_1km_s_1980_2020_go_epsg.4326_v20230411.tif,Histosols..Eutric._p_
212,https://s3.eu-central-1.wasabisys.com/openlandmap/sol/hortic.anthrosols_wrb2020_p_1km_s_1980_2020_go_epsg.4326_v20230411.tif,Hortic.Anthrosols_p_
213,https://s3.eu-central-1.wasabisys.com/openlandmap/sol/hortic.phaeozem_wrb2020_p_1km_s_1980_2020_go_epsg.4326_v20230411.tif,Hortic.Phaeozem_p_
214,https://s3.eu-central-1.wasabisys.com/openlandmap/sol/humic.leptosols.calcaric_wrb2020_p_1km_s_1980_2020_go_epsg.4326_v20230411.tif,Humic.Leptosols.Calcaric_p_
215,https://s3.eu-central-1.wasabisys.com/openlandmap/sol/humic.luvisols.cromic_wrb2020_p_1km_s_1980_2020_go_epsg.4326_v20230411.tif,Humic.Luvisols.Cromic_p_
216,https://s3.eu-central-1.wasabisys.com/openlandmap/sol/humic.luvisols.dystric_wrb2020_p_1km_s_1980_2020_go_epsg.4326_v20230411.tif,Humic.Luvisols.dystric_p_
217,https://s3.eu-central-1.wasabisys.com/openlandmap/sol/humic.phaeozem.calcaric_wrb2020_p_1km_s_1980_2020_go_epsg.4326_v20230411.tif,Humic.Phaeozem.Calcaric_p_
218,https://s3.eu-central-1.wasabisys.com/openlandmap/sol/humic.umbrisols_wrb2020_p_1km_s_1980_2020_go_epsg.4326_v20230411.tif,Humic.Umbrisols_p_
219,https://s3.eu-central-1.wasabisys.com/openlandmap/sol/humic.umbrisols.hiperdystric_wrb2020_p_1km_s_1980_2020_go_epsg.4326_v20230411.tif,Humic.Umbrisols.Hiperdystric_p_
220,https://s3.eu-central-1.wasabisys.com/openlandmap/sol/hypersalic.solonchaks_wrb2020_p_1km_s_1980_2020_go_epsg.4326_v20230411.tif,Hypersalic.Solonchaks_p_
221,https://s3.eu-central-1.wasabisys.com/openlandmap/sol/hyperskeletic.skeletic.regosols_wrb2020_p_1km_s_1980_2020_go_epsg.4326_v20230411.tif,Hyperskeletic.Skeletic.Regosols_p_
222,https://s3.eu-central-1.wasabisys.com/openlandmap/sol/hypoplinthic.ferralic.cambisols_wrb2020_p_1km_s_1980_2020_go_epsg.4326_v20230411.tif,Hypoplinthic.Ferralic.Cambisols_p_
223,https://s3.eu-central-1.wasabisys.com/openlandmap/sol/hypoplinthic.ferralsols_wrb2020_p_1km_s_1980_2020_go_epsg.4326_v20230411.tif,Hypoplinthic.Ferralsols_p_
224,https://s3.eu-central-1.wasabisys.com/openlandmap/sol/leptic.cambisols_wrb2020_p_1km_s_1980_2020_go_epsg.4326_v20230411.tif,Leptic.Cambisols_p_
225,https://s3.eu-central-1.wasabisys.com/openlandmap/sol/leptic.cryosols_wrb2020_p_1km_s_1980_2020_go_epsg.4326_v20230411.tif,Leptic.Cryosols_p_
226,https://s3.eu-central-1.wasabisys.com/openlandmap/sol/leptic.regosols_wrb2020_p_1km_s_1980_2020_go_epsg.4326_v20230411.tif,Leptic.Regosols_p_
227,https://s3.eu-central-1.wasabisys.com/openlandmap/sol/leptosols.hyperskeletic_wrb2020_p_1km_s_1980_2020_go_epsg.4326_v20230411.tif,Leptosols.Hyperskeletic_p_
228,https://s3.eu-central-1.wasabisys.com/openlandmap/sol/leptosols.lithic_wrb2020_p_1km_s_1980_2020_go_epsg.4326_v20230411.tif,Leptosols.Lithic_p_
229,https://s3.eu-central-1.wasabisys.com/openlandmap/sol/lithic.leptosols_wrb2020_p_1km_s_1980_2020_go_epsg.4326_v20230411.tif,Lithic.Leptosols_p_
230,https://s3.eu-central-1.wasabisys.com/openlandmap/sol/litic.leptosols.calcaric_wrb2020_p_1km_s_1980_2020_go_epsg.4326_v20230411.tif,Litic.Leptosols.Calcaric_p_
231,https://s3.eu-central-1.wasabisys.com/openlandmap/sol/litic.leptosols.esqueletic_wrb2020_p_1km_s_1980_2020_go_epsg.4326_v20230411.tif,Litic.Leptosols.Esqueletic_p_
232,https://s3.eu-central-1.wasabisys.com/openlandmap/sol/litic.leptosols.eutric_wrb2020_p_1km_s_1980_2020_go_epsg.4326_v20230411.tif,Litic.Leptosols.Eutric_p_
233,https://s3.eu-central-1.wasabisys.com/openlandmap/sol/litic.leptosols.humic_wrb2020_p_1km_s_1980_2020_go_epsg.4326_v20230411.tif,Litic.Leptosols.Humic_p_
234,https://s3.eu-central-1.wasabisys.com/openlandmap/sol/litihic.leptosols_wrb2020_p_1km_s_1980_2020_go_epsg.4326_v20230411.tif,Litihic.Leptosols_p_
235,https://s3.eu-central-1.wasabisys.com/openlandmap/sol/luvic.calcisols_wrb2020_p_1km_s_1980_2020_go_epsg.4326_v20230411.tif,Luvic.Calcisols_p_
236,https://s3.eu-central-1.wasabisys.com/openlandmap/sol/luvic.calcisols.aridic_wrb2020_p_1km_s_1980_2020_go_epsg.4326_v20230411.tif,Luvic.Calcisols.Aridic_p_
237,https://s3.eu-central-1.wasabisys.com/openlandmap/sol/luvic.calcisols.hiposodic_wrb2020_p_1km_s_1980_2020_go_epsg.4326_v20230411.tif,Luvic.Calcisols.Hiposodic_p_
238,https://s3.eu-central-1.wasabisys.com/openlandmap/sol/luvic.calcisols.humic_wrb2020_p_1km_s_1980_2020_go_epsg.4326_v20230411.tif,Luvic.Calcisols.Humic_p_
239,https://s3.eu-central-1.wasabisys.com/openlandmap/sol/luvic.cambisols_wrb2020_p_1km_s_1980_2020_go_epsg.4326_v20230411.tif,Luvic.Cambisols_p_
240,https://s3.eu-central-1.wasabisys.com/openlandmap/sol/luvic.chernozems_wrb2020_p_1km_s_1980_2020_go_epsg.4326_v20230411.tif,Luvic.Chernozems_p_
241,https://s3.eu-central-1.wasabisys.com/openlandmap/sol/luvic.kastanozems_wrb2020_p_1km_s_1980_2020_go_epsg.4326_v20230411.tif,Luvic.Kastanozems_p_
242,https://s3.eu-central-1.wasabisys.com/openlandmap/sol/luvic.phaeozem_wrb2020_p_1km_s_1980_2020_go_epsg.4326_v20230411.tif,Luvic.Phaeozem_p_
243,https://s3.eu-central-1.wasabisys.com/openlandmap/sol/luvic.phaeozem.abruptic_wrb2020_p_1km_s_1980_2020_go_epsg.4326_v20230411.tif,Luvic.Phaeozem.Abruptic_p_
244,https://s3.eu-central-1.wasabisys.com/openlandmap/sol/luvic.phaeozem.calcaric_wrb2020_p_1km_s_1980_2020_go_epsg.4326_v20230411.tif,Luvic.Phaeozem.Calcaric_p_
245,https://s3.eu-central-1.wasabisys.com/openlandmap/sol/luvic.phaeozem.esqueletic_wrb2020_p_1km_s_1980_2020_go_epsg.4326_v20230411.tif,Luvic.Phaeozem.Esqueletic_p_
246,https://s3.eu-central-1.wasabisys.com/openlandmap/sol/luvic.phaeozem.humic_wrb2020_p_1km_s_1980_2020_go_epsg.4326_v20230411.tif,Luvic.Phaeozem.Humic_p_
247,https://s3.eu-central-1.wasabisys.com/openlandmap/sol/luvic.phaeozems_wrb2020_p_1km_s_1980_2020_go_epsg.4326_v20230411.tif,Luvic.Phaeozems_p_
248,https://s3.eu-central-1.wasabisys.com/openlandmap/sol/luvic.phaeozems..clayic._wrb2020_p_1km_s_1980_2020_go_epsg.4326_v20230411.tif,Luvic.Phaeozems..Clayic._p_
249,https://s3.eu-central-1.wasabisys.com/openlandmap/sol/luvic.phaeozems..loamic._wrb2020_p_1km_s_1980_2020_go_epsg.4326_v20230411.tif,Luvic.Phaeozems..Loamic._p_
250,https://s3.eu-central-1.wasabisys.com/openlandmap/sol/luvic.stagnosols_wrb2020_p_1km_s_1980_2020_go_epsg.4326_v20230411.tif,Luvic.Stagnosols_p_
251,https://s3.eu-central-1.wasabisys.com/openlandmap/sol/molic.leptosols_wrb2020_p_1km_s_1980_2020_go_epsg.4326_v20230411.tif,Molic.Leptosols_p_
252,https://s3.eu-central-1.wasabisys.com/openlandmap/sol/molic.leptosols.humic_wrb2020_p_1km_s_1980_2020_go_epsg.4326_v20230411.tif,Molic.Leptosols.Humic_p_
253,https://s3.eu-central-1.wasabisys.com/openlandmap/sol/mollic.andosols_wrb2020_p_1km_s_1980_2020_go_epsg.4326_v20230411.tif,Mollic.Andosols_p_
254,https://s3.eu-central-1.wasabisys.com/openlandmap/sol/mollic.gleysols_wrb2020_p_1km_s_1980_2020_go_epsg.4326_v20230411.tif,Mollic.Gleysols_p_
255,https://s3.eu-central-1.wasabisys.com/openlandmap/sol/mollic.leptosols_wrb2020_p_1km_s_1980_2020_go_epsg.4326_v20230411.tif,Mollic.Leptosols_p_
256,https://s3.eu-central-1.wasabisys.com/openlandmap/sol/mollic.nitisols_wrb2020_p_1km_s_1980_2020_go_epsg.4326_v20230411.tif,Mollic.Nitisols_p_
257,https://s3.eu-central-1.wasabisys.com/openlandmap/sol/mollic.solonchaks_wrb2020_p_1km_s_1980_2020_go_epsg.4326_v20230411.tif,Mollic.Solonchaks_p_
258,https://s3.eu-central-1.wasabisys.com/openlandmap/sol/mollic.umbrisols_wrb2020_p_1km_s_1980_2020_go_epsg.4326_v20230411.tif,Mollic.Umbrisols_p_
259,https://s3.eu-central-1.wasabisys.com/openlandmap/sol/nudilithic.leptosols_wrb2020_p_1km_s_1980_2020_go_epsg.4326_v20230411.tif,Nudilithic.Leptosols_p_
260,https://s3.eu-central-1.wasabisys.com/openlandmap/sol/open.water_wrb2020_p_1km_s_1980_2020_go_epsg.4326_v20230411.tif,Open.Water_p_
261,https://s3.eu-central-1.wasabisys.com/openlandmap/sol/paraplinthic.acrisols_wrb2020_p_1km_s_1980_2020_go_epsg.4326_v20230411.tif,Paraplinthic.Acrisols_p_
262,https://s3.eu-central-1.wasabisys.com/openlandmap/sol/paraplinthic.arenosols_wrb2020_p_1km_s_1980_2020_go_epsg.4326_v20230411.tif,Paraplinthic.Arenosols_p_
263,https://s3.eu-central-1.wasabisys.com/openlandmap/sol/paraplinthic.lixisols_wrb2020_p_1km_s_1980_2020_go_epsg.4326_v20230411.tif,Paraplinthic.Lixisols_p_
264,https://s3.eu-central-1.wasabisys.com/openlandmap/sol/pelic.vertisols.mazic_wrb2020_p_1km_s_1980_2020_go_epsg.4326_v20230411.tif,Pelic.Vertisols.Mazic_p_
265,https://s3.eu-central-1.wasabisys.com/openlandmap/sol/pellic..calcic.vertisols_wrb2020_p_1km_s_1980_2020_go_epsg.4326_v20230411.tif,Pellic..Calcic.Vertisols_p_
266,https://s3.eu-central-1.wasabisys.com/openlandmap/sol/petric.calcisols_wrb2020_p_1km_s_1980_2020_go_epsg.4326_v20230411.tif,Petric.Calcisols_p_
267,https://s3.eu-central-1.wasabisys.com/openlandmap/sol/petric.gypsisols_wrb2020_p_1km_s_1980_2020_go_epsg.4326_v20230411.tif,Petric.Gypsisols_p_
268,https://s3.eu-central-1.wasabisys.com/openlandmap/sol/petric.haplic.calcisols_wrb2020_p_1km_s_1980_2020_go_epsg.4326_v20230411.tif,Petric.Haplic.Calcisols_p_
269,https://s3.eu-central-1.wasabisys.com/openlandmap/sol/plinthic.acrisols_wrb2020_p_1km_s_1980_2020_go_epsg.4326_v20230411.tif,Plinthic.Acrisols_p_
270,https://s3.eu-central-1.wasabisys.com/openlandmap/sol/protoargic.arenosols_wrb2020_p_1km_s_1980_2020_go_epsg.4326_v20230411.tif,Protoargic.Arenosols_p_
271,https://s3.eu-central-1.wasabisys.com/openlandmap/sol/regosols..colluvic._wrb2020_p_1km_s_1980_2020_go_epsg.4326_v20230411.tif,Regosols..Colluvic._p_
272,https://s3.eu-central-1.wasabisys.com/openlandmap/sol/rendzic.leptosols_wrb2020_p_1km_s_1980_2020_go_epsg.4326_v20230411.tif,Rendzic.Leptosols_p_
273,https://s3.eu-central-1.wasabisys.com/openlandmap/sol/rendzic.leptosols.calcaric_wrb2020_p_1km_s_1980_2020_go_epsg.4326_v20230411.tif,Rendzic.Leptosols.Calcaric_p_
274,https://s3.eu-central-1.wasabisys.com/openlandmap/sol/rendzic.leptosols.humic_wrb2020_p_1km_s_1980_2020_go_epsg.4326_v20230411.tif,Rendzic.Leptosols.Humic_p_
275,https://s3.eu-central-1.wasabisys.com/openlandmap/sol/rendzic.phaeozems_wrb2020_p_1km_s_1980_2020_go_epsg.4326_v20230411.tif,Rendzic.Phaeozems_p_
276,https://s3.eu-central-1.wasabisys.com/openlandmap/sol/rhodic.acric.ferralsols_wrb2020_p_1km_s_1980_2020_go_epsg.4326_v20230411.tif,Rhodic.Acric.Ferralsols_p_
277,https://s3.eu-central-1.wasabisys.com/openlandmap/sol/rhodic.acrisols_wrb2020_p_1km_s_1980_2020_go_epsg.4326_v20230411.tif,Rhodic.Acrisols_p_
278,https://s3.eu-central-1.wasabisys.com/openlandmap/sol/rhodic.cambisols_wrb2020_p_1km_s_1980_2020_go_epsg.4326_v20230411.tif,Rhodic.Cambisols_p_
279,https://s3.eu-central-1.wasabisys.com/openlandmap/sol/rhodic.ferralsols_wrb2020_p_1km_s_1980_2020_go_epsg.4326_v20230411.tif,Rhodic.Ferralsols_p_
280,https://s3.eu-central-1.wasabisys.com/openlandmap/sol/rhodic.ferrasols_wrb2020_p_1km_s_1980_2020_go_epsg.4326_v20230411.tif,Rhodic.Ferrasols_p_
281,https://s3.eu-central-1.wasabisys.com/openlandmap/sol/rhodic.leptic.cambisols_wrb2020_p_1km_s_1980_2020_go_epsg.4326_v20230411.tif,Rhodic.Leptic.Cambisols_p_
282,https://s3.eu-central-1.wasabisys.com/openlandmap/sol/rhodic.lixisols_wrb2020_p_1km_s_1980_2020_go_epsg.4326_v20230411.tif,Rhodic.Lixisols_p_
283,https://s3.eu-central-1.wasabisys.com/openlandmap/sol/rhodic.luvisols_wrb2020_p_1km_s_1980_2020_go_epsg.4326_v20230411.tif,Rhodic.Luvisols_p_
284,https://s3.eu-central-1.wasabisys.com/openlandmap/sol/rhodic.nitisols_wrb2020_p_1km_s_1980_2020_go_epsg.4326_v20230411.tif,Rhodic.Nitisols_p_
285,https://s3.eu-central-1.wasabisys.com/openlandmap/sol/rubic.arenosols_wrb2020_p_1km_s_1980_2020_go_epsg.4326_v20230411.tif,Rubic.Arenosols_p_
286,https://s3.eu-central-1.wasabisys.com/openlandmap/sol/rubic.ferralic.arenosols_wrb2020_p_1km_s_1980_2020_go_epsg.4326_v20230411.tif,Rubic.Ferralic.Arenosols_p_
287,https://s3.eu-central-1.wasabisys.com/openlandmap/sol/rustic.podzols_wrb2020_p_1km_s_1980_2020_go_epsg.4326_v20230411.tif,Rustic.Podzols_p_
288,https://s3.eu-central-1.wasabisys.com/openlandmap/sol/sapric.histosols_wrb2020_p_1km_s_1980_2020_go_epsg.4326_v20230411.tif,Sapric.Histosols_p_
289,https://s3.eu-central-1.wasabisys.com/openlandmap/sol/shifting.sands_wrb2020_p_1km_s_1980_2020_go_epsg.4326_v20230411.tif,Shifting.sands_p_
290,https://s3.eu-central-1.wasabisys.com/openlandmap/sol/skeletic.dystric.leptosols_wrb2020_p_1km_s_1980_2020_go_epsg.4326_v20230411.tif,Skeletic.Dystric.Leptosols_p_
291,https://s3.eu-central-1.wasabisys.com/openlandmap/sol/skeletic.entic.podzol_wrb2020_p_1km_s_1980_2020_go_epsg.4326_v20230411.tif,Skeletic.Entic.Podzol_p_
292,https://s3.eu-central-1.wasabisys.com/openlandmap/sol/skeletic.eutric.regosols..turbic._wrb2020_p_1km_s_1980_2020_go_epsg.4326_v20230411.tif,Skeletic.Eutric.Regosols..Turbic._p_
293,https://s3.eu-central-1.wasabisys.com/openlandmap/sol/skeletic.leptosols_wrb2020_p_1km_s_1980_2020_go_epsg.4326_v20230411.tif,Skeletic.Leptosols_p_
294,https://s3.eu-central-1.wasabisys.com/openlandmap/sol/skeletic.umbrisols_wrb2020_p_1km_s_1980_2020_go_epsg.4326_v20230411.tif,Skeletic.Umbrisols_p_
295,https://s3.eu-central-1.wasabisys.com/openlandmap/sol/sodic.arenosols.calcaric_wrb2020_p_1km_s_1980_2020_go_epsg.4326_v20230411.tif,Sodic.Arenosols.Calcaric_p_
296,https://s3.eu-central-1.wasabisys.com/openlandmap/sol/sodic.calcisols.luvic_wrb2020_p_1km_s_1980_2020_go_epsg.4326_v20230411.tif,Sodic.Calcisols.Luvic_p_
297,https://s3.eu-central-1.wasabisys.com/openlandmap/sol/sodic.cambisols.calcaric_wrb2020_p_1km_s_1980_2020_go_epsg.4326_v20230411.tif,Sodic.Cambisols.Calcaric_p_
298,https://s3.eu-central-1.wasabisys.com/openlandmap/sol/sodic.vertisols.calcaric_wrb2020_p_1km_s_1980_2020_go_epsg.4326_v20230411.tif,Sodic.Vertisols.Calcaric_p_
299,https://s3.eu-central-1.wasabisys.com/openlandmap/sol/sodic.vertisols.calcic_wrb2020_p_1km_s_1980_2020_go_epsg.4326_v20230411.tif,Sodic.Vertisols.Calcic_p_
300,https://s3.eu-central-1.wasabisys.com/openlandmap/sol/stagnic.gleysols_wrb2020_p_1km_s_1980_2020_go_epsg.4326_v20230411.tif,Stagnic.Gleysols_p_
301,https://s3.eu-central-1.wasabisys.com/openlandmap/sol/stagnic.luvisols_wrb2020_p_1km_s_1980_2020_go_epsg.4326_v20230411.tif,Stagnic.Luvisols_p_
302,https://s3.eu-central-1.wasabisys.com/openlandmap/sol/stagnic.podzols_wrb2020_p_1km_s_1980_2020_go_epsg.4326_v20230411.tif,Stagnic.Podzols_p_
303,https://s3.eu-central-1.wasabisys.com/openlandmap/sol/technosols_wrb2020_p_1km_s_1980_2020_go_epsg.4326_v20230411.tif,Technosols_p_
304,https://s3.eu-central-1.wasabisys.com/openlandmap/sol/terric.anthrosols_wrb2020_p_1km_s_1980_2020_go_epsg.4326_v20230411.tif,Terric.Anthrosols_p_
305,https://s3.eu-central-1.wasabisys.com/openlandmap/sol/thionic.gleysols_wrb2020_p_1km_s_1980_2020_go_epsg.4326_v20230411.tif,Thionic.Gleysols_p_
306,https://s3.eu-central-1.wasabisys.com/openlandmap/sol/umbric.andosols_wrb2020_p_1km_s_1980_2020_go_epsg.4326_v20230411.tif,Umbric.Andosols_p_
307,https://s3.eu-central-1.wasabisys.com/openlandmap/sol/umbric.entic.podzol_wrb2020_p_1km_s_1980_2020_go_epsg.4326_v20230411.tif,Umbric.Entic.Podzol_p_
308,https://s3.eu-central-1.wasabisys.com/openlandmap/sol/umbric.ferrasols_wrb2020_p_1km_s_1980_2020_go_epsg.4326_v20230411.tif,Umbric.Ferrasols_p_
309,https://s3.eu-central-1.wasabisys.com/openlandmap/sol/umbric.gleysols_wrb2020_p_1km_s_1980_2020_go_epsg.4326_v20230411.tif,Umbric.Gleysols_p_
310,https://s3.eu-central-1.wasabisys.com/openlandmap/sol/umbric.leptosols_wrb2020_p_1km_s_1980_2020_go_epsg.4326_v20230411.tif,Umbric.Leptosols_p_
311,https://s3.eu-central-1.wasabisys.com/openlandmap/sol/umbric.podzols_wrb2020_p_1km_s_1980_2020_go_epsg.4326_v20230411.tif,Umbric.Podzols_p_
312,https://s3.eu-central-1.wasabisys.com/openlandmap/sol/vertic.cambisols_wrb2020_p_1km_s_1980_2020_go_epsg.4326_v20230411.tif,Vertic.Cambisols_p_
313,https://s3.eu-central-1.wasabisys.com/openlandmap/sol/vertic.chernozem.calcic_wrb2020_p_1km_s_1980_2020_go_epsg.4326_v20230411.tif,Vertic.Chernozem.Calcic_p_
314,https://s3.eu-central-1.wasabisys.com/openlandmap/sol/vertic.gleysols.humic_wrb2020_p_1km_s_1980_2020_go_epsg.4326_v20230411.tif,Vertic.Gleysols.Humic_p_
315,https://s3.eu-central-1.wasabisys.com/openlandmap/sol/vertic.luvisols_wrb2020_p_1km_s_1980_2020_go_epsg.4326_v20230411.tif,Vertic.Luvisols_p_
316,https://s3.eu-central-1.wasabisys.com/openlandmap/sol/vetic.acric.ferralsols_wrb2020_p_1km_s_1980_2020_go_epsg.4326_v20230411.tif,Vetic.Acric.Ferralsols_p_
317,https://s3.eu-central-1.wasabisys.com/openlandmap/sol/vitric.andosols_wrb2020_p_1km_s_1980_2020_go_epsg.4326_v20230411.tif,Vitric.Andosols_p_
318,https://s3.eu-central-1.wasabisys.com/openlandmap/sol/xanthic.acric.ferralsols_wrb2020_p_1km_s_1980_2020_go_epsg.4326_v20230411.tif,Xanthic.Acric.Ferralsols_p_
319,https://s3.eu-central-1.wasabisys.com/openlandmap/sol/xanthic.ferralsols_wrb2020_p_1km_s_1980_2020_go_epsg.4326_v20230411.tif,Xanthic.Ferralsols_p_
320,https://s3.eu-central-1.wasabisys.com/openlandmap/sol/xanthic.ferrasols_wrb2020_p_1km_s_1980_2020_go_epsg.4326_v20230411.tif,Xanthic.Ferrasols_p_