URL,Series_name,Map,Soil subgroup UK,WRB_correlation_landgis,WRB_correlation_0,WRB_correlation_1,WRB_correlation_2
https://www.landis.org.uk/soilsguide/series.cfm?serno=1157,6.32 LEZIATE (Lez) (1157),,2 humus podzols,Albic Carbic Podzols,Albic Carbic Podzols,Albic Carbic Podzols,
https://www.landis.org.uk/soilsguide/series.cfm?serno=111,7.21 BEACON (Bcn) (111),,1 cambic stagnohumic gley soils,Endoleptic Albic Histic Stagnosols,Albic Histic Endoleptic Stagnosols,Albic Histic Endoleptic Stagnosols,
https://www.landis.org.uk/soilsguide/series.cfm?serno=502,7.13 FENTON (Fn) (502),,3 cambic stagnogley soils,Ruptic Albic Mollic Planosols,Albic Mollic Planosols (Ruptic),Albic Mollic Planosols,
https://www.landis.org.uk/soilsguide/series.cfm?serno=1807,6.31 SANTON (sN) (1807),,1 humo-ferric podzols,Ruptic Albic Podzols,Albic Planosols (Ruptic),Albic Planosols,
https://www.landis.org.uk/soilsguide/series.cfm?serno=1801,5.13 ST LAWRENCE (Sl) (1801),,3 stagnogleyic brown calcareous earths,Ruptic Albic Podzols,Albic Planosols (Ruptic),Albic Planosols,
https://www.landis.org.uk/soilsguide/series.cfm?serno=1104,6.33 LARKBARROW (Lz) (1104),,3 ferric podzols,Albic Podzols,Albic Podzols,Albic Podzols,
https://www.landis.org.uk/soilsguide/series.cfm?serno=127,6.33 BODAFON (Bm) (127),,3 ferric podzols,Albic Podzols,Albic Podzols,Albic Podzols,
https://www.landis.org.uk/soilsguide/series.cfm?serno=1705,6.31 REDLODGE (Ro) (1705),,1 humo-ferric podzols,Albic Podzols,Albic Podzols,Albic Podzols,
https://www.landis.org.uk/soilsguide/series.cfm?serno=1825,6.31 SHIRRELL HEATH (sR) (1825),,1 humo-ferric podzols,Albic Podzols,Albic Podzols,Albic Podzols,
https://www.landis.org.uk/soilsguide/series.cfm?serno=242,6.31 CRANNYMOOR (Cf) (242),,1 humo-ferric podzols,Albic Podzols,Albic Podzols,Albic Podzols,
https://www.landis.org.uk/soilsguide/series.cfm?serno=320,7.14 DUNKESWELL (Ds) (320),,4 paleo-argillic stagnogley soils,Chromic Alic Planosols,Alic Planosols (Chromic) ,Alic Planosols,
https://www.landis.org.uk/soilsguide/series.cfm?serno=416,7.14 ESSENDON (Ez) (416),,4 paleo-argillic stagnogley soils,Chromic Alic Planosols,Alic Planosols (Chromic) ,Alic Planosols,
https://www.landis.org.uk/soilsguide/series.cfm?serno=1874,3.61 SANDWICH (Snd) (1874),,1 typical sand-pararendzinas,Calcaric Arenosols,Calcaric Arenosols,Calcaric Arenosols,
https://www.landis.org.uk/soilsguide/series.cfm?serno=1218,5.21 METHWOLD (Mw) (1218),,1 typical brown calcareous sands,Calcaric Brunic Arenosols,Calcaric Brunic Arenosols,Calcaric Brunic Arenosols,
https://www.landis.org.uk/soilsguide/series.cfm?serno=1747,3.43 RUDHAM (rU) (1747),,3 brown rendzinas,Calcaric Brunic Leptosols,Calcaric Brunic Leptosols,Calcaric Brunic Leptosols,
https://www.landis.org.uk/soilsguide/series.cfm?serno=052 ,5.11 ABINGTON (AB) (52),,1 typical brown calcareous earths,Calcaric Cambisols,Calcaric Cambisols,Calcaric Cambisols,
https://www.landis.org.uk/soilsguide/series.cfm?serno=177,5.11 BEAUMONT (Bmt) (177),,1 typical brown calcareous earths,Calcaric Cambisols,Calcaric Cambisols,Calcaric Cambisols,
https://www.landis.org.uk/soilsguide/series.cfm?serno=1849,5.11 STRETHAM (St) (1849),,1 typical brown calcareous earths,Calcaric Cambisols,Calcaric Cambisols,Calcaric Cambisols,
https://www.landis.org.uk/soilsguide/series.cfm?serno=237,5.11 COOMBE (Ct) (237),,1 typical brown calcareous earths,Calcaric Cambisols,Calcaric Cambisols,Calcaric Cambisols,
https://www.landis.org.uk/soilsguide/series.cfm?serno=1262,5.14 MILLINGTON (MQ) (1262),,4 colluvial brown calcareous earths,Colluvic Calcaric Cambisols,Calcaric Cambisols (Colluvic),Calcaric Cambisols,
https://www.landis.org.uk/soilsguide/series.cfm?serno=317,5.14 DULLINGHAM (Dh) (317),,4 colluvial brown calcareous earths,Colluvic Calcaric Cambisols,Calcaric Cambisols (Colluvic),Calcaric Cambisols,
https://www.landis.org.uk/soilsguide/series.cfm?serno=268,4.11 CLAYWORTH (C) (268),,1 typical calcareous pelosols,Chromic Calcaric Vertic Cambisols,Calcaric Chromic Vertic Cambisols,Calcaric Chromic Vertic Cambisols,
https://www.landis.org.uk/soilsguide/series.cfm?serno=044 ,5.12 ASTROP (aP) (44),,2 gleyic brown calcareous earths,Calcaric Endogleyic Cambisols,Calcaric Endogleyic Cambisols,Calcaric Endogleyic Cambisols,
https://www.landis.org.uk/soilsguide/series.cfm?serno=051 ,5.12 ALLINGTON (AL) (51),,2 gleyic brown calcareous earths,Calcaric Endogleyic Cambisols,Calcaric Endogleyic Cambisols,Calcaric Endogleyic Cambisols,
https://www.landis.org.uk/soilsguide/series.cfm?serno=1224,5.12 MILTON (Mm) (1224),,2 gleyic brown calcareous earths,Calcaric Endogleyic Cambisols,Calcaric Endogleyic Cambisols,Calcaric Endogleyic Cambisols,
https://www.landis.org.uk/soilsguide/series.cfm?serno=126,5.12 BLOCK (bC) (126),,2 gleyic brown calcareous earths,Calcaric Endogleyic Cambisols,Calcaric Endogleyic Cambisols,Calcaric Endogleyic Cambisols,
https://www.landis.org.uk/soilsguide/series.cfm?serno=1744,5.12 RUSKINGTON (rN) (1744),,2 gleyic brown calcareous earths,Calcaric Endogleyic Cambisols,Calcaric Endogleyic Cambisols,Calcaric Endogleyic Cambisols,
https://www.landis.org.uk/soilsguide/series.cfm?serno=1324,5.22 NEWSLEAFORD (Nz) (1324),,2 gleyic brown calcareous sands,Arenic Calcaric Endogleyic Cambisols,Calcaric Endogleyic Cambisols (Arenic),Calcaric Endogleyic Cambisols,
https://www.landis.org.uk/soilsguide/series.cfm?serno=040 ,5.12 ASWARBY (aW) (40),,2 gleyic brown calcareous earths,Calcaric Endogleyic Endoleptic Cambisols,Calcaric Endogleyic Endoleptic Cambisols,Calcaric Endogleyic Endoleptic Cambisols,
https://www.landis.org.uk/soilsguide/series.cfm?serno=424,8.33 ELY (Eh) (424),,3 pelo-cambic gley soils,Calcaric Endogleyic Stagnosols,Calcaric Endogleyic Stagnosols,Calcaric Endogleyic Stagnosols,
https://www.landis.org.uk/soilsguide/series.cfm?serno=001,5.11 ABERFORD (aF) (1),,1 typical brown calcareous earths,Calcaric Endoleptic Cambisols,Calcaric Endoleptic Cambisols,Calcaric Endoleptic Cambisols,
https://www.landis.org.uk/soilsguide/series.cfm?serno=1260,5.11 MORETON (Mor) (1260),,1 typical brown calcareous earths,Calcaric Endoleptic Cambisols,Calcaric Endoleptic Cambisols,Calcaric Endoleptic Cambisols,
https://www.landis.org.uk/soilsguide/series.cfm?serno=1538,5.11 PANHOLES (pH) (1538),,1 typical brown calcareous earths,Calcaric Endoleptic Cambisols,Calcaric Endoleptic Cambisols,Calcaric Endoleptic Cambisols,
https://www.landis.org.uk/soilsguide/series.cfm?serno=1855,5.11 SWAFFHAM PRIOR (Sw) (1855),,1 typical brown calcareous earths,Calcaric Endoleptic Cambisols,Calcaric Endoleptic Cambisols,Calcaric Endoleptic Cambisols,
https://www.landis.org.uk/soilsguide/series.cfm?serno=196,5.11 BLEWBURY (BY) (196),,1 brown calcareous earths,Calcaric Endoleptic Cambisols,Calcaric Endoleptic Cambisols,Calcaric Endoleptic Cambisols,
https://www.landis.org.uk/soilsguide/series.cfm?serno=2312,5.11 YATESBURY (Yb) (2312),,1 typical brown calcareous earths,Calcaric Endoleptic Cambisols,Calcaric Endoleptic Cambisols,Calcaric Endoleptic Cambisols,
https://www.landis.org.uk/soilsguide/series.cfm?serno=265,5.11 CRANWELL (CQ) (265),,1 typical brown calcareous earths,Calcaric Endoleptic Cambisols,Calcaric Endoleptic Cambisols,Calcaric Endoleptic Cambisols,
https://www.landis.org.uk/soilsguide/series.cfm?serno=100,5.11 BADSEY (Ba) (100),,1 typical brown calcareous earths,Calcaric Endoskeletic Cambisols,Calcaric Endoskeletic Cambisols,Calcaric Endoskeletic Cambisols,
https://www.landis.org.uk/soilsguide/series.cfm?serno=1832,5.11 SOHAM (Sb) (1832),,1 typical brown calcareous earths,Calcaric Endoskeletic Cambisols,Calcaric Endoskeletic Cambisols,Calcaric Endoskeletic Cambisols,
https://www.landis.org.uk/soilsguide/series.cfm?serno=045 ,4.11 AGARDSLEY (Ag) (45),,1 typical calcareous pelosols,Clayic Calcaric Endoskeletic Cambisols,Calcaric Endoskeletic Cambisols (Clayic),Calcaric Endoskeletic Cambisols,
https://www.landis.org.uk/soilsguide/series.cfm?serno=711,4.11 HASELOR (Hb) (711),,1 typical calcareous pelosols,Clayic Calcaric Endoskeletic Cambisols,Calcaric Endoskeletic Cambisols (Clayic),Calcaric Endoskeletic Cambisols,
https://www.landis.org.uk/soilsguide/series.cfm?serno=1101,5.12 LANDBEACH (Lk) (1101),,2 gleyic brown calcareous earths,Calcaric Endogleyic Endoskeletic Cambisols,Calcaric Endoskeletic Endogleyic Cambisols,Calcaric Endoskeletic Endogleyic Cambisols,
https://www.landis.org.uk/soilsguide/series.cfm?serno=118,5.12 BIERTON (Bg) (118),,2 gleyic brown calcareous earths,Calcaric Endogleyic Endoskeletic Cambisols,Calcaric Endoskeletic Endogleyic Cambisols,Calcaric Endoskeletic Endogleyic Cambisols,
https://www.landis.org.uk/soilsguide/series.cfm?serno=176,5.12 BAMPTON (BV) (176),,2 gleyic brown calcareous earths,Calcaric Endogleyic Endoskeletic Cambisols,Calcaric Endoskeletic Endogleyic Cambisols,Calcaric Endoskeletic Endogleyic Cambisols,
https://www.landis.org.uk/soilsguide/series.cfm?serno=618,5.12 GROVE (Gv) (618),,2 gleyic brown calcareous earths,Calcaric Endogleyic Endoskeletic Cambisols,Calcaric Endoskeletic Endogleyic Cambisols,Calcaric Endoskeletic Endogleyic Cambisols,
https://www.landis.org.uk/soilsguide/series.cfm?serno=815,5.12 ICKFORD (iK) (815),,2 gleyic brown calcareous earths,Calcaric Endogleyic Endoskeletic Cambisols,Calcaric Endoskeletic Endogleyic Cambisols,Calcaric Endoskeletic Endogleyic Cambisols,
https://www.landis.org.uk/soilsguide/series.cfm?serno=042 ,5.32 AFON WEN (Av) (42),,2 gleyic brown calcareous alluvial soils,Calcaric Fluvic Endogleyic Cambisols,Calcaric Fluvic Endogleyic Cambisols,Calcaric Fluvic Endogleyic Cambisols,
https://www.landis.org.uk/soilsguide/series.cfm?serno=1717,5.32 ROMNEY (R) (1717),,2 gleyic brown calcareous alluvial soils,Calcaric Fluvic Endogleyic Cambisols,Calcaric Fluvic Endogleyic Cambisols,Calcaric Fluvic Endogleyic Cambisols,
https://www.landis.org.uk/soilsguide/series.cfm?serno=175,5.32 BLACKTOFT (Bkt) (175),,2 gleyic brown calcareous alluvial soils,Calcaric Fluvic Endogleyic Cambisols,Calcaric Fluvic Endogleyic Cambisols,Calcaric Fluvic Endogleyic Cambisols,
https://www.landis.org.uk/soilsguide/series.cfm?serno=141,5.33 BRENZETT (B) (141),,3 pelogleyic brown calcareous alluvial soils,Fluvic Clayic Calcaric Endogleyic Cambisols,Calcaric Fluvic Endogleyic Cambisols (Clayic) ,Calcaric Fluvic Endogleyic Cambisols ,
https://www.landis.org.uk/soilsguide/series.cfm?serno=2007,5.33 UFFINGTON (Uf) (2007),,3 pelogleyic brown calcareous alluvial soils,Fluvic Clayic Calcaric Endogleyic Cambisols,Calcaric Fluvic Endogleyic Cambisols (Clayic) ,Calcaric Fluvic Endogleyic Cambisols,
https://www.landis.org.uk/soilsguide/series.cfm?serno=1500,3.72 PADNEY (Po) (1500),,2 gleyic rendzina-like alluvial soils,Drainic Calcaric Fluvic Gelysols,Calcaric Fluvic Gelysols (Drainic),Calcaric Fluvic Gelysols,
https://www.landis.org.uk/soilsguide/series.cfm?serno=005,8.12 AGNEY (A) (5),,2 calcareous alluvial gley soils,Fluvic Calcaric Gleysols,Calcaric Fluvic Gleysols,Calcaric Fluvic Gleysols,
https://www.landis.org.uk/soilsguide/series.cfm?serno=1877,8.12 STOCKWITH (Stk) (1877),,2 calcareous alluvial gley soils,Fluvic Calcaric Gleysols,Calcaric Fluvic Gleysols,Calcaric Fluvic Gleysols,
https://www.landis.org.uk/soilsguide/series.cfm?serno=2258,8.12 WISBECH (wT) (2258),,2 calcareous alluvial gley soils,Fluvic Calcaric Gleysols,Calcaric Fluvic Gleysols,Calcaric Fluvic Gleysols,
https://www.landis.org.uk/soilsguide/series.cfm?serno=537,8.12 FROME (fM) (537),,2 calcareous alluvial gley soils,Fluvic Calcaric Gleysols,Calcaric Fluvic Gleysols,Calcaric Fluvic Gleysols,
https://www.landis.org.uk/soilsguide/series.cfm?serno=2276,8.14 WINDRUSH (WQ) (2276),,4 pelo-calcareous alluvial gley soils,Thaptohistic Clayic Fluvic Calcaric Gleysols,"Calcaric Fluvic Gleysols (Clayic, Thaptohistic)",Calcaric Fluvic Gleysols,
https://www.landis.org.uk/soilsguide/series.cfm?serno=1307,8.14 NEWCHURCH (N) (1307),,4 pelo-calcareous alluvial gley soils,Clayic Fluvic Calcaric Gleysols,Calcaric Fluvic Gleysols (Clayic),Calcaric Fluvic Gleysols,
https://www.landis.org.uk/soilsguide/series.cfm?serno=1911,8.14 THAMES (Ts) (1911),,4 pelo-calcareous alluvial gley soils,Clayic Fluvic Calcaric Gleysols,Calcaric Fluvic Gleysols (Clayic),Calcaric Fluvic Gleysols,
https://www.landis.org.uk/soilsguide/series.cfm?serno=2288,8.14 WOLFERTON (WW) (2288),,4 pelo-calcareous alluvial gley soils,Endosalic Fluvic Calcaric Gleysols,Calcaric Fluvic Gleysols (Endosalic),Calcaric Fluvic Gleysols,
https://www.landis.org.uk/soilsguide/series.cfm?serno=2263,3.72 WYLYE (WY) (2263),,2 gleyic rendzina-like alluvial soils,Endoskeletic Fluvic Calcaric Gleysols,Calcaric Fluvic Gleysols (Endoskeletic),Calcaric Fluvic Gleysols,
https://www.landis.org.uk/soilsguide/series.cfm?serno=2273,8.12 WITTERING (Wtt) (2273),,2 calcareous alluvial gley soils,Siltic Fluvic Calcaric Gleysols,Calcaric Fluvic Gleysols (Siltic),Calcaric Fluvic Gleysols,
https://www.landis.org.uk/soilsguide/series.cfm?serno=500,8.14 FAIRFIELD (Fw) (500),,4 pelo-calcareous alluvial gley soils,Thaptohistic Fluvic Calcaric Gleysols,Calcaric Fluvic Gleysols (Thaptohistic),Calcaric Fluvic Gleysols,
https://www.landis.org.uk/soilsguide/series.cfm?serno=442,8.52 EASTVILLE (ES) (442),,2 calcareous humic-alluvial gley soils,Fluvic Calcaric Histic Gleysols,Calcaric Fluvic Histic Gleysols,Calcaric Fluvic Histic Gleysols,
https://www.landis.org.uk/soilsguide/series.cfm?serno=217,8.52 CHATTERIS (cZ) (217),,2 calcareous humic-alluvial gley soils,Fluvic Calcaric Mollic Gleysols,Calcaric Fluvic Mollic Gleysols,Calcaric Fluvic Mollic Gleysols,
https://www.landis.org.uk/soilsguide/series.cfm?serno=538,8.12 FRISKNEY (fS) (538),,2 calcareous alluvial gley soils,Arenic Calcaric Salic Fluvisols,"Calcaric Fluvisols (Arenic, Salic)",Calcaric Fluvisols,
https://www.landis.org.uk/soilsguide/series.cfm?serno=157,3.45 BURWELL (Bn) (157),,5 gleyic rendzinas,Calcaric Gleyic Endoleptic Regosols,Calcaric Gleyic Endoleptic Regosols,Calcaric Gleyic Endoleptic Regosols,
https://www.landis.org.uk/soilsguide/series.cfm?serno=145,3.73 BRIMPTON (bP) (145),,3 humic gleyic rendzina-like alluvial soils,Thaptohistic Limnic Calcaric Mollic Gleyic Fluvisols,"Calcaric Gleyic Fluvisols (Limnic, Mollic,Thaptohistic)  ",Calcaric Gleyic Fluvisols   ,
https://www.landis.org.uk/soilsguide/series.cfm?serno=233,3.72 COLTHROP (cQ) (233),,2 gleyic rendzina-like alluvial soils,Limnic Calcaric Gleyic Mollic Fluvisols,"Calcaric Gleyic Fluvisols (Limnic, Mollic)",Calcaric Gleyic Fluvisols,
https://www.landis.org.uk/soilsguide/series.cfm?serno=507,3.45 FORD END (Fe) (507),,5 gleyic rendzinas,Calcaric Gleysols,Calcaric Gleysols,Calcaric Gleysols,
https://www.landis.org.uk/soilsguide/series.cfm?serno=204,8.33 CARSWELL (cW) (204),,3 pelo-cambic gley soils,Epiclayic Endoskeletic Calcaric Gleysols,"Calcaric Gleysols (Epiclayic, Endoskeletic)",Calcaric Gleysols,
https://www.landis.org.uk/soilsguide/series.cfm?serno=031 ,3.43 ANDOVER (Ac) (31),,3 brown rendzinas,Calcaric Leptosols,Calcaric Leptosols,Calcaric Leptosols,
https://www.landis.org.uk/soilsguide/series.cfm?serno=050 ,3.13 ANGLESEY (aZ) (50),,3 brown rankers,Calcaric Leptosols,Calcaric Leptosols,Calcaric Leptosols,
https://www.landis.org.uk/soilsguide/series.cfm?serno=1206,3.43 MARCHAM (mA) (1206),,3 brown rendzinas,Calcaric Leptosols,Calcaric Leptosols,Calcaric Leptosols,
https://www.landis.org.uk/soilsguide/series.cfm?serno=1308,3.43 NEWMARKET (Nf) (1308),,3 brown rendzinas,Calcaric Leptosols,Calcaric Leptosols,Calcaric Leptosols,
https://www.landis.org.uk/soilsguide/series.cfm?serno=1819,3.43 SHERBORNE (Si) (1819),,3 brown rendzinas,Calcaric Leptosols,Calcaric Leptosols,Calcaric Leptosols,
https://www.landis.org.uk/soilsguide/series.cfm?serno=425,3.43 ELMTON (eT) (425),,3 brown rendzinas,Calcaric Leptosols,Calcaric Leptosols,Calcaric Leptosols,
https://www.landis.org.uk/soilsguide/series.cfm?serno=097,8.72 BLACKDYKE (Bdk) (97),,2 calcareous humic gley soils,Calcaric Mollic Gleysols,Calcaric Mollic Gleysols,Calcaric Mollic Gleysols,
https://www.landis.org.uk/soilsguide/series.cfm?serno=1505,8.72 PEACOCK (Pm) (1505),,2 calcareous humic gley soils,Calcaric Mollic Gleysols,Calcaric Mollic Gleysols,Calcaric Mollic Gleysols,
https://www.landis.org.uk/soilsguide/series.cfm?serno=225,8.72 CLAYHYTHE (cJ) (225),,2 calcareous humic gley soils,Calcaric Mollic Gleysols,Calcaric Mollic Gleysols,Calcaric Mollic Gleysols,
https://www.landis.org.uk/soilsguide/series.cfm?serno=347,8.71 DUCKPIT (dK) (347),,1 typical humic gley soils,Calcaric Mollic Gleysols,Calcaric Mollic Gleysols,Calcaric Mollic Gleysols,
https://www.landis.org.uk/soilsguide/series.cfm?serno=1002,8.32 KELMSCOT (Km) (1002),,2 calcaro-cambic gley soils,Endoskeletic Calcaric Mollic Gleysols,Calcaric Mollic Gleysols (Endoskeletic),Calcaric Mollic Gleysols,
https://www.landis.org.uk/soilsguide/series.cfm?serno=188,8.32 BRANDESBURTON (Bnd) (188),,2 calcaro-cambic gley soils,Endoskeletic Calcaric Mollic Gleysols,Calcaric Mollic Gleysols (Endoskeletic),Calcaric Mollic Gleysols,
https://www.landis.org.uk/soilsguide/series.cfm?serno=600,8.52 GADE (GD) (600),,2 calcareous humic-alluvial gley soils,Endoskeletic Calcaric Mollic Gleysols,Calcaric Mollic Gleysols (Endoskeletic),Calcaric Mollic Gleysols,
https://www.landis.org.uk/soilsguide/series.cfm?serno=436,3.43 ELVEDEN (eV) (436),,3 brown rendzinas,Calcaric Regosols,Calcaric Regosols,Calcaric Regosols,
https://www.landis.org.uk/soilsguide/series.cfm?serno=608,3.44 GORE (Gw) (608),,4 colluvial rendzinas,Calcaric Colluvic Regosols,Calcaric Regosols (Colluvic),Calcaric Regosols,
https://www.landis.org.uk/soilsguide/series.cfm?serno=1517,5.11 POCKLINGTON (Pq) (1517),,1 typical brown calcareous earths,Calcaric Skeletic Cambisols,Calcaric Skeletic Cambisols,Calcaric Skeletic Cambisols,
https://www.landis.org.uk/soilsguide/series.cfm?serno=1872,3.43 SACREWELL (SG) (1872),,3 brown rendzinas,Calcaric Skeletic Cambisols,Calcaric Skeletic Cambisols,Calcaric Skeletic Cambisols,
https://www.landis.org.uk/soilsguide/series.cfm?serno=026 ,5.13 ASHTON (aT) (26),,3 stagnogleyic brown calcareous earths,Calcaric Stagnic Cambisols,Calcaric Skeletic Cambisols,Calcaric Skeletic Cambisols,
https://www.landis.org.uk/soilsguide/series.cfm?serno=046 ,5.13 ARNOLD (AN) (46),,3 stagnogleyic brown calcareous earths,Calcaric Stagnic Cambisols,Calcaric Stagnic Cambisols,Calcaric Stagnic Cambisols,
https://www.landis.org.uk/soilsguide/series.cfm?serno=283,5.13 CANNAMORE (Cmr) (283),,3 stagnogleyic brown calcareous earths,Calcaric Stagnic Cambisols,Calcaric Stagnic Cambisols,Calcaric Stagnic Cambisols,
https://www.landis.org.uk/soilsguide/series.cfm?serno=707,4.11 HANSLOPE (Hn) (707),,1 typical calcareous pelosols,Calcaric Stagnic Cambisols,Calcaric Stagnic Cambisols,Calcaric Stagnic Cambisols,
https://www.landis.org.uk/soilsguide/series.cfm?serno=5033,9.61 FLY/CY RESTORED COPROLITE (yCP) (5033),missing,"1 calcareous dense, seasonally wet made ground soils","Calcaric Stagnic Regosols (Transportic, Epiloamic, Endoclayic)","Calcaric Transportic Stagnic Regosols (Epiloamic, Endoclayic)",Calcaric Transportic Stagnic Regosols,
https://www.landis.org.uk/soilsguide/series.cfm?serno=5018,9.51 FLY RESTORED COPROLITE (fCP) (5018),missing,1 calcareous well aerated made ground soils,"Calcaric Stagnic Regosols (Transportic, Loamic)",Calcaric TransporticStagnic Regosols (Loamic),Calcaric Transportic Stagnic Regosols,
https://www.landis.org.uk/soilsguide/series.cfm?serno=419,4.11 EVESHAM (Ea) (419),,1 typical calcareous pelosols,Calcaric Stagnic Vertic Cambisols,Calcaric Stagnic Vertic Cambisols,Calcaric Stagnic Vertic Cambisols,
https://www.landis.org.uk/soilsguide/series.cfm?serno=1890,5.44 SPILSBY (Spy) (1890),,4 ferritic brown earths,Chromic Cambisols,Chromic Cambisols,Chromic Cambisols,
https://www.landis.org.uk/soilsguide/series.cfm?serno=739,5.73 HOOK (hK) (739),,3 gleyic argillic brown earths,Siltic Endogleyic Luvisols,Chromic Endogleyic Luvisols (Siltic),Chromic Endogleyic Luvisols,
https://www.landis.org.uk/soilsguide/series.cfm?serno=1893,5.71 SELBORNE (Sbn) (1893),,1 typical argillic brown earths,Siltic Endoleptic Luvisols,Chromic Endogleyic Luvisols (Siltic),Chromic Endogleyic Luvisols,
https://www.landis.org.uk/soilsguide/series.cfm?serno=1314,5.81 NORDRACH (Nb) (1314),,1 typical paleo-argillic brown earths,Chromic Endoleptic Luvisols,Chromic Endoleptic Luvisols,Chromic Endoleptic Luvisols,
https://www.landis.org.uk/soilsguide/series.cfm?serno=510,5.71 FRILSHAM (Fs) (510),,1 typical argillic brown earths,Chromic Endoleptic Luvisols,Chromic Endoleptic Luvisols,Chromic Endoleptic Luvisols,
https://www.landis.org.uk/soilsguide/series.cfm?serno=2239,5.81 WINCHESTER (We) (2239),,1 typical paleo-argillic brown earths,Clayic Chromic Endoleptic Luvisols,Chromic Endoleptic Luvisols (Clayic),Chromic Endoleptic Luvisols,
https://www.landis.org.uk/soilsguide/series.cfm?serno=644,5.71 GARSTON (gZ) (644),,1 typical argillic brown earths,Siltic Chromic Endoleptic Luvisols,Chromic Endoleptic Luvisols (Siltic),Chromic Endoleptic Luvisols,
https://www.landis.org.uk/soilsguide/series.cfm?serno=116,5.82 BERKHAMSTED (BK) (116),,2 stagnogleyic paleo-argillic brown earths,Abruptic Chromic Endostagnic Luvisols,Chromic Endostagnic Abruptic Luvisols,Endostagnic Abruptic Luvisols,
https://www.landis.org.uk/soilsguide/series.cfm?serno=802,5.45 IRONDOWN (Ir) (802),,5 stagnogleyic ferritic brown earths,Ruptic Chromic Endostagnic Cambisols,Chromic Endostagnic Cambisols (Ruptic),Chromic Endostagnic Cambisols,
https://www.landis.org.uk/soilsguide/series.cfm?serno=1743,5.53 RUDGE (rJ) (1743),,3 stagnogleyic brown sands,Arenic Chromic Endostagnic Luvisols,Chromic Endostagnic Luvisols (Arenic),Chromic Endostagnic Luvisols,
https://www.landis.org.uk/soilsguide/series.cfm?serno=109,5.82 BATCOMBE (Bc) (109),,2 stagnogleyic paleo-argillic brown earths,Profundic Chromic Endostagnic Luvisols,Chromic Endostagnic Luvisols (Profundic),Chromic Endostagnic Luvisols,
https://www.landis.org.uk/soilsguide/series.cfm?serno=706,5.72 HAMPERLEY (Hp) (706),,2 stagnogleyic argillic brown earths,Siltic Endostagnic Luvisols,Chromic Endostagnic Luvisols (Siltic),Chromic Endostagnic Luvisols,
https://www.landis.org.uk/soilsguide/series.cfm?serno=2201,5.61 WALFORD (wX) (2201),,1 typical brown alluvial soils,Chromic Fluvic Cambisols,Chromic Fluvic Cambisols,Chromic Fluvic Cambisols,
https://www.landis.org.uk/soilsguide/series.cfm?serno=1231,5.71 MOULTON (Mo) (1231),,1 typical argillic brown earths,Chromic Luvisols,Chromic Luvisols,Chromic Luvisols,
https://www.landis.org.uk/soilsguide/series.cfm?serno=1265,5.71 MELFORD (MJ) (1265),,1 typical argillic brown earths,Chromic Luvisols,Chromic Luvisols,Chromic Luvisols,
https://www.landis.org.uk/soilsguide/series.cfm?serno=1316,5.71 NORTH NEWTON (NN) (1316),,1 typical argillic brown earths,Chromic Luvisols,Chromic Luvisols,Chromic Luvisols,
https://www.landis.org.uk/soilsguide/series.cfm?serno=150,5.71 BROMYARD (Bf) (150),,1 typical argillic brown earths,Chromic Luvisols,Chromic Luvisols,Chromic Luvisols,
https://www.landis.org.uk/soilsguide/series.cfm?serno=1964,5.71 TATHWELL (TW) (1964),,1 typical argillic brown earths,Chromic Luvisols,Chromic Luvisols,Chromic Luvisols,
https://www.landis.org.uk/soilsguide/series.cfm?serno=214,5.71 CHARITY (Cr) (214),,1 typical argillic brown earths,Chromic Luvisols,Chromic Luvisols,Chromic Luvisols,
https://www.landis.org.uk/soilsguide/series.cfm?serno=415,5.71 ESCRICK (Er) (415),,1 typical argillic brown earths,Chromic Luvisols,Chromic Luvisols,Chromic Luvisols,
https://www.landis.org.uk/soilsguide/series.cfm?serno=513,5.71 FYFIELD (Fy) (513),,1 typical argillic brown earths,Chromic Luvisols,Chromic Luvisols,Chromic Luvisols,
https://www.landis.org.uk/soilsguide/series.cfm?serno=1158,5.54 LYNN (LJ) (1158),,4 argillic brown sands,Arenic Chromic Luvisols,Chromic Luvisols (Arenic),Chromic Luvisols,
https://www.landis.org.uk/soilsguide/series.cfm?serno=1883,5.54 STANDHILL (Sta) (1883),,4 argillic brown sands,Arenic Chromic Luvisols,Chromic Luvisols (Arenic),Chromic Luvisols,
https://www.landis.org.uk/soilsguide/series.cfm?serno=428,5.54 EBSTREE (eS) (428),,4 argillic brown sands,Arenic Chromic Luvisols,Chromic Luvisols (Arenic),Chromic Luvisols,
https://www.landis.org.uk/soilsguide/series.cfm?serno=439,5.54 EUSTON (Eu) (439),,4 argillic brown sands,Arenic Chromic Luvisols,Chromic Luvisols (Arenic),Chromic Luvisols,
https://www.landis.org.uk/soilsguide/series.cfm?serno=532,5.54 FERNHILL (fN) (532),,4 argillic brown sands,Arenic Chromic Luvisols,Chromic Luvisols (Arenic),Chromic Luvisols,
https://www.landis.org.uk/soilsguide/series.cfm?serno=627,5.81 GIVENDALE (gV) (627),,1 typical paleo-argillic brown earths,Clayic Profundic Chromic Luvisols,"Chromic Luvisols (Clayic, Profundic)",Chromic Luvisols,
https://www.landis.org.uk/soilsguide/series.cfm?serno=1950,5.81 TERLING (tE) (1950),,1 typical paleo-argillic brown earths,Ruptic Eutric Chromic Luvisols,"Chromic Luvisols (Eutric, Ruptic)",Chromic Luvisols,
https://www.landis.org.uk/soilsguide/series.cfm?serno=1915,5.71 TICKENHAM (Ta) (1915),,1 typical argillic brown earths,Eutric Chromic Luvisols,Chromic Luvisols (Eutric),Chromic Luvisols,
https://www.landis.org.uk/soilsguide/series.cfm?serno=1239,5.81 MARLOW (mW) (1239),,1 typical paleo-argillic brown earths,Profundic Chromic Luvisols,Chromic Luvisols (Profundic),Chromic Luvisols,
https://www.landis.org.uk/soilsguide/series.cfm?serno=173,5.81 BARROW (Bar) (173),,1 typical paleo-argillic brown earths,Profundic Chromic Luvisols,Chromic Luvisols (Profundic),Chromic Luvisols,
https://www.landis.org.uk/soilsguide/series.cfm?serno=258,5.81 CARSTENS (CX) (258),,1 typical paleo-argillic brown earths,Profundic Chromic Luvisols,Chromic Luvisols (Profundic),Chromic Luvisols,
https://www.landis.org.uk/soilsguide/series.cfm?serno=1235,5.81 MAXTED (mT) (1235),,1 typical paleo-argillic brown earths,Ruptic Chromic Luvisols,Chromic Luvisols (Ruptic),Chromic Luvisols,
https://www.landis.org.uk/soilsguide/series.cfm?serno=178,5.81 BRADFIELD (BF) (178),,1 typical paleo-argillic brown earths,Ruptic Chromic Luvisols,Chromic Luvisols (Ruptic),Chromic Luvisols,
https://www.landis.org.uk/soilsguide/series.cfm?serno=162,5.81 BOCKMER (BO) (162),,1 typical paleo-argillic brown earths,Ruptic Chromic Skeletic Luvisols,Chromic Luvisols (Ruptic),Chromic Luvisols,
https://www.landis.org.uk/soilsguide/series.cfm?serno=180,5.81 BILTING (Btn) (180),,1 typical paleo-argillic brown earths,Siltic Chromic Luvisols,Chromic Luvisols (Siltic),Chromic Luvisols,
https://www.landis.org.uk/soilsguide/series.cfm?serno=2249,4.31 WORCESTER (Wf) (2249),,1 typical argillic pelosols,Chromic Vertic Luvisols,Chromic Vertic Luvisols,Chromic Vertic Luvisols,
https://www.landis.org.uk/soilsguide/series.cfm?serno=810,7.21 IPSTONES (It) (810),,1 cambic stagnohumic gley soils,Dystric Histic Albic Planosols,Dystric Albic Histic Planosols,Dystric Albic Histic Planosols,
https://www.landis.org.uk/soilsguide/series.cfm?serno=181,3.21 BECKFOOT (Bck) (181),,1 typical sand-rankers,Dystric Arenosols,Dystric Arenosols,Dystric Arenosols,
https://www.landis.org.uk/soilsguide/series.cfm?serno=761,6.11 HOWARD (hU) (761),,1 typical brown podzolic soils,Dystric Chromic Arenosols,Dystric Arenosols (Chromic),Dystric Arenosols,
https://www.landis.org.uk/soilsguide/series.cfm?serno=1019,3.13 KYNANCE (Kz) (1019),,3 brown rankers,Dystric Brunic Leptosols,Dystric Brunic Leptosols,Dystric Brunic Leptosols,
https://www.landis.org.uk/soilsguide/series.cfm?serno=167,6.11 BOWSCAR (BZ) (167),,1 typical brown podzolic soils,Dystric Chromic Endoleptic Cambisols,Dystric Chromic Endoleptic Cambisols,Dystric Chromic Endoleptic Cambisols,
https://www.landis.org.uk/soilsguide/series.cfm?serno=816,6.11 IVESHEAD (Iv) (816),,1 typical brown podzolic soils,Dystric Chromic Endoleptic Cambisols,Dystric Chromic Endoleptic Cambisols,Dystric Chromic Endoleptic Cambisols,
https://www.landis.org.uk/soilsguide/series.cfm?serno=102,3.11 BANGOR (Bk) (102),,1 humic rankers,Dystric Epileptic Histosols,Dystric Epileptic Histosols,Dystric Epileptic Histosols,
https://www.landis.org.uk/soilsguide/series.cfm?serno=1735,3.11 REVIDGE (rV) (1735),,1 humic rankers,Dystric Epileptic Histosols,Dystric Epileptic Histosols,Dystric Epileptic Histosols,
https://www.landis.org.uk/soilsguide/series.cfm?serno=1892,3.11 SKIDDAW (Skd) (1892),,1 humic rankers,Dystric Epileptic Histosols,Dystric Epileptic Histosols,Dystric Epileptic Histosols,
https://www.landis.org.uk/soilsguide/series.cfm?serno=410,5.41 ELLERBECK (Ee) (410),,1 typical brown earths,Dystric Episkeletic Cambisols,Dystric Episkeletic Cambisols,Dystric Episkeletic Cambisols,
https://www.landis.org.uk/soilsguide/series.cfm?serno=1954,8.31 TRABOE (TB) (1954),,1 typical cambic gley soils,Siltic Dystric Gleysols,Dystric Gleysols (Siltic) ,Dystric Gleysols,
https://www.landis.org.uk/soilsguide/series.cfm?serno=781,8.71 HENSE (hZ) (781),,1 typical humic gley soils,Dystric Histic Gleysols,Dystric Histic Gleysols,Dystric Histic Gleysols,
https://www.landis.org.uk/soilsguide/series.cfm?serno=1103,8.71 LAPLOYD (Lp) (1103),,1 typical humic gley soils,Endoskeletic Dystric Histic Gleysols,Dystric Histic Gleysols (Endoskeletic),Dystric Histic Gleysols,
https://www.landis.org.uk/soilsguide/series.cfm?serno=049 ,7.21 ASHDOWN (aJ) (49),,1 cambic stagnohumic gley soils,Dystric Histic Stagnosols,Dystric Histic Stagnosols,Dystric Histic Stagnosols,
https://www.landis.org.uk/soilsguide/series.cfm?serno=056 ,7.21 ALNHAM (AM) (56),,1 cambic stagnohumic gley soils,Dystric Histic Stagnosols,Dystric Histic Stagnosols,Dystric Histic Stagnosols,
https://www.landis.org.uk/soilsguide/series.cfm?serno=1534,7.21 PRINCETOWN (pC) (1534),,1 cambic stagnohumic gley soils,Dystric Histic Stagnosols,Dystric Histic Stagnosols,Dystric Histic Stagnosols,
https://www.landis.org.uk/soilsguide/series.cfm?serno=1752,7.21 RHONDDA (RH) (1752),,1 cambic stagnohumic gley soils,Dystric Histic Stagnosols,Dystric Histic Stagnosols,Dystric Histic Stagnosols,
https://www.landis.org.uk/soilsguide/series.cfm?serno=122,7.23 BLACKDOWN (bF) (122,,3 paleo-argillic stagnohumic gley soils,Chromic Dystric Histic Stagnosols,Dystric Histic Stagnosols (Chromic) ,Dystric Histic Stagnosols,
https://www.landis.org.uk/soilsguide/series.cfm?serno=2254,7.21 WENALLT (WN) (2254),,1 cambic stagnohumic gley soils,Chromic Dystric Histic Stagnosols,Dystric Histic Stagnosols (Chromic) ,Dystric Histic Stagnosols,
https://www.landis.org.uk/soilsguide/series.cfm?serno=1408,7.21 ONECOTE (On) (1408),,1 cambic stagnohumic gley soils,Clayic Dystric Histic Stagnosols,Dystric Histic Stagnosols (Clayic),Dystric Histic Stagnosols,
https://www.landis.org.uk/soilsguide/series.cfm?serno=5030,9.24 SLATE QUARRY RUBBLE (uSR) (5030),missing,4 well aerated raw made ground soils,Dystric Hyperskeletic Leptosols,Dystric Hyperskeletic Leptosols,Dystric Hyperskeletic Leptosols,
https://www.landis.org.uk/soilsguide/series.cfm?serno=5031,9.58 VEGETATED SLATE RUBBLE (vSR) (5031),missing,"8 acid-humose, base-poor well aerated made ground soils",Dystric Hyperskeletic Leptosols (Ochric),Dystric Hyperskeletic Leptosols (Ochric),Dystric Hyperskeletic Leptosols,
https://www.landis.org.uk/soilsguide/series.cfm?serno=1952,7.11 TENERIFFE (TR) (1952),,1 typical stagnogley soils,Siltic Dystric Luvic Stagnosols,Dystric Luvic Stagnosols (Siltic),Dystric Luvic Stagnosols,
https://www.landis.org.uk/soilsguide/series.cfm?serno=1215,5.41 MERCASTON (mC) (1215),,1 typical brown earths,Dystric Chromic Skeletic Cambisols,Dystric Skeletic Chromic Cambisols,Dystric Skeletic Chromic Cambisols,
https://www.landis.org.uk/soilsguide/series.cfm?serno=208,7.13 CEGIN (Ca) (208),,3 cambic stagnogley soils,Dystric Stagnosols,Dystric Stagnosols,Dystric Stagnosols,
https://www.landis.org.uk/soilsguide/series.cfm?serno=2400,7.13 ZOAR (Zo) (2400),,3 cambic stagnogley soils,Dystric Stagnosols,Dystric Stagnosols,Dystric Stagnosols,
https://www.landis.org.uk/soilsguide/series.cfm?serno=1870,7.13 SPORTSMANS (SY) (1870),,3 cambic stagnogley soils,Endoskeletic Dystric Stagnosols,Dystric Stagnosols (Endoskeletic),Dystric Stagnosols,
https://www.landis.org.uk/soilsguide/series.cfm?serno=1833,6.41 SOLLOM (Sq) (1833),,1 typical gley-podzols,Endogleyic Albic Carbic Podzols,Endogleyic Albic Carbic Podzols,Endogleyic Albic Carbic Podzols,
https://www.landis.org.uk/soilsguide/series.cfm?serno=735,6.41 HOLME MOOR (hM) (735),,1 typical gley-podzols,Densic Endogleyic Albic Carbic Podzols,Endogleyic Albic Carbic Podzols (Densic),Endogleyic Albic Carbic Podzols,
https://www.landis.org.uk/soilsguide/series.cfm?serno=2274,5.73 WIX (WC) (2274),,3 gleyic argillic brown earths,Endogleyic Luvisols,Endogleyic Luvisols,Endogleyic Luvisols,
https://www.landis.org.uk/soilsguide/series.cfm?serno=2280,5.73 WATERSTOCK (Wtk) (2280),,3 gleyic argillic brown earths,Endogleyic Luvisols,Endogleyic Luvisols,Endogleyic Luvisols,
https://www.landis.org.uk/soilsguide/series.cfm?serno=2283,5.73 WORMINGHALL (Wrm) (2283),,3 gleyic argillic brown earths,Endogleyic Luvisols,Endogleyic Luvisols,Endogleyic Luvisols,
https://www.landis.org.uk/soilsguide/series.cfm?serno=438,5.73 ELLINGHAM (eL) (438),,3 gleyic argillic brown earths,Endogleyic Luvisols,Endogleyic Luvisols,Endogleyic Luvisols,
https://www.landis.org.uk/soilsguide/series.cfm?serno=017,6.31 ANGLEZARKE (Ah) (17),,1 humo-ferric podzols,Endoleptic Albic Podzols,Endoleptic Albic Podzols,Endoleptic Albic Podzols,
https://www.landis.org.uk/soilsguide/series.cfm?serno=336,6.31 DELAMERE (dJ) (336),,1 humo-ferric podzols,Endoleptic Albic Podzols,Endoleptic Albic Podzols,Endoleptic Albic Podzols,
https://www.landis.org.uk/soilsguide/series.cfm?serno=1233,5.71 MALLING (mG) (1233),,1 typical argillic brown earths,Endoleptic Luvisols,Endoleptic Luvisols,Endoleptic Luvisols,
https://www.landis.org.uk/soilsguide/series.cfm?serno=1846,5.71 STON EASTON (Sg) (1846),,1 typical argillic brown earths,Endoleptic Luvisols,Endoleptic Luvisols,Endoleptic Luvisols,
https://www.landis.org.uk/soilsguide/series.cfm?serno=1932,5.71 TETBURY (Tv) (1932),,1 typical argillic brown earths,Endoleptic Luvisols,Endoleptic Luvisols,Endoleptic Luvisols,
https://www.landis.org.uk/soilsguide/series.cfm?serno=2236,5.71 WILDERHOPE (wP) (2236),,1 typical argillic brown earths,Endoleptic Luvisols,Endoleptic Luvisols,Endoleptic Luvisols,
https://www.landis.org.uk/soilsguide/series.cfm?serno=1823,5.71 SHIPPON (SP) (1823),,1 typical argillic brown earths,Clayic Endoleptic Luvisols,Endoleptic Luvisols (Clayic),Endoleptic Luvisols,
https://www.landis.org.uk/soilsguide/series.cfm?serno=2243,6.11 WITHNELL (Wm) (2243),,1 typical brown podzolic soils,Chromic Mollic Endoleptic Umbrisols,Endoleptic Mollic Umbrisols (Chromic),Endoleptic Mollic Umbrisols,
https://www.landis.org.uk/soilsguide/series.cfm?serno=144,5.51 BRIDGNORTH (Be) (144),,1 typical brown sands,Arenic Endoleptic Regosols,Endoleptic Regosols (Arenic),Endoleptic Regosols,
https://www.landis.org.uk/soilsguide/series.cfm?serno=1144,6.11 LOXHORE (LR) (1144),,1 typical brown podzolic soils,Chromic Endoleptic Umbrisols,Endoleptic Umbrisols (Chromic),Endoleptic Umbrisols,
https://www.landis.org.uk/soilsguide/series.cfm?serno=1250,6.11 MALVERN (MV) (1250),,1 typical brown podzolic soils,Chromic Endoleptic Umbrisols,Endoleptic Umbrisols (Chromic),Endoleptic Umbrisols,
https://www.landis.org.uk/soilsguide/series.cfm?serno=2266,6.11 WINSKILL (WK) (2266),,1 typical brown podzolic soils,Chromic Endoleptic Umbrisols,Endoleptic Umbrisols (Chromic),Endoleptic Umbrisols,
https://www.landis.org.uk/soilsguide/series.cfm?serno=1835,5.81 SONNING (sL) (1835),,1 typical paleo-argillic brown earths,Chromic Endoskeletic Luvisols,Endoskeletic Chromic Luvisols,Endoskeletic Chromic Luvisols,
https://www.landis.org.uk/soilsguide/series.cfm?serno=1876,5.81 STONE STREET (Stt) (1876),,1 typical paleo-argillic brown earths,Chromic Endoskeletic Luvisols,Endoskeletic Chromic Luvisols,Endoskeletic Chromic Luvisols,
https://www.landis.org.uk/soilsguide/series.cfm?serno=743,5.71 HUNTWORTH (Hu) (743),,1 typical argillic brown earths,Chromic Endoskeletic Luvisols,Endoskeletic Chromic Luvisols,Endoskeletic Chromic Luvisols,
https://www.landis.org.uk/soilsguide/series.cfm?serno=1506,5.71 PEATON (Pt) (1506),,1 typical argillic brown earths,Eutric Chromic Endoskeletic Luvisols,Endoskeletic Chromic Luvisols (Eutric),Endoskeletic Chromic Luvisols,
https://www.landis.org.uk/soilsguide/series.cfm?serno=1866,5.72 STAUNTON (Su) (1866),,2 stagnogleyic argillic brown earths,Eutric Chromic Endostagnic Luvisols,Endoskeletic Chromic Luvisols (Eutric),Endoskeletic Chromic Luvisols,
https://www.landis.org.uk/soilsguide/series.cfm?serno=1721,5.71 ROUGEMONT (Ru) (1721),,1 typical argillic brown earths,Ruptic Endoskeletic Luvisols,Endoskeletic Chromic Luvisols (Ruptic),Endoskeletic Chromic Luvisols,
https://www.landis.org.uk/soilsguide/series.cfm?serno=803,5.73 ISLE ABBOTTS (Ic) (803),,3 gleyic argillic brown earths,Eutric Endogleyic Endoskeletic Luvisols,Endoskeletic Endogleyic Luvisols (Eutric),Endoskeletic Endogleyic Luvisols,
https://www.landis.org.uk/soilsguide/series.cfm?serno=335,6.11 DAVIDSTOW (dO) (335),,1 typical brown podzolic soils,Endoskeletic Entic Podzols,Endoskeletic Entic Podzols,Endoskeletic Entic Podzols,
https://www.landis.org.uk/soilsguide/series.cfm?serno=198,5.73 BREAMORE (Brm) (198),,3 gleyic argillic brown earths,Endoskeletic Gleyic Luvisols,Endoskeletic Gleyic Luvisols,Endoskeletic Gleyic Luvisols,
https://www.landis.org.uk/soilsguide/series.cfm?serno=1724,5.71 ROWTON (Rt) (1724),,1 typical argillic brown earths,Endoskeletic Luvisols,Endoskeletic Luvisols,Endoskeletic Luvisols,
https://www.landis.org.uk/soilsguide/series.cfm?serno=1854,5.71 SUTTON (Sv) (1854),,1 typical argillic brown earths,Endoskeletic Luvisols,Endoskeletic Luvisols,Endoskeletic Luvisols,
https://www.landis.org.uk/soilsguide/series.cfm?serno=440,5.71 EFFORD (EF) (440),,1 typical argillic brown earths,Endoskeletic Luvisols,Endoskeletic Luvisols,Endoskeletic Luvisols,
https://www.landis.org.uk/soilsguide/series.cfm?serno=784,5.71 HUCKLESBROOK (Hkb) (784),,1 typical argillic brown earths,Endoskeletic Luvisols,Endoskeletic Luvisols,Endoskeletic Luvisols,
https://www.landis.org.uk/soilsguide/series.cfm?serno=1204,6.11 MANOD (Mj) (1204),,1 typical brown podzolic soils,Chromic Mollic Endoskeletic Umbrisols,Endoskeletic Mollic Umbrisols (Chromic),Endoskeletic Mollic Umbrisols,
https://www.landis.org.uk/soilsguide/series.cfm?serno=1228,6.11 MORETONHAMPSTEAD (Mr) (1228),,1 typical brown podzolic soils,Chromic Mollic Endoskeletic Umbrisols,Endoskeletic Mollic Umbrisols (Chromic),Endoskeletic Mollic Umbrisols,
https://www.landis.org.uk/soilsguide/series.cfm?serno=1146,6.54 LYDCOTT (LC) (1146),,4 ferric stagnopodzols,Endoskeletic Histic Stagnic Albic Podzols,Endoskeletic Stagnic Histic Albic Podzols,Endoskeletic Stagnic Histic Albic Podzols,
https://www.landis.org.uk/soilsguide/series.cfm?serno=755,6.54 HAFREN (HN) (755),,4 ferric stagnopodzols,Endoskeletic Histic Stagnic Albic Podzols,Endoskeletic Stagnic Histic Albic Podzols,Endoskeletic Stagnic Histic Albic Podzols,
https://www.landis.org.uk/soilsguide/series.cfm?serno=785,6.54 HARTHOPE (Htp) (785),,4 ferric stagnopodzols,Endoskeletic Histic Stagnic Albic Podzols,Endoskeletic Stagnic Histic Albic Podzols,Endoskeletic Stagnic Histic Albic Podzols,
https://www.landis.org.uk/soilsguide/series.cfm?serno=441,6.51 EARLE (EL) (441),,1 ironpan stagnopodzols,Placic Endoskeletic Histic Stagnic Albic Podzols,Endoskeletic Stagnic Histic Albic Podzols (Placic),Endoskeletic Stagnic Histic Albic Podzols,
https://www.landis.org.uk/soilsguide/series.cfm?serno=729,6.51 HIRAETHOG (Hi) (729),,1 ironpan stagnopodzols,Placic Endoskeletic Histic Stagnic Albic Podzols,Endoskeletic Stagnic Histic Albic Podzols (Placic),Endoskeletic Stagnic Histic Albic Podzols,
https://www.landis.org.uk/soilsguide/series.cfm?serno=756,6.51 HEXWORTHY (HY) (756),,1 ironpan stagnopodzols,Placic Endoskeletic Histic Stagnic Albic Podzols,Endoskeletic Stagnic Histic Albic Podzols (Placic),Endoskeletic Stagnic Histic Albic Podzols,
https://www.landis.org.uk/soilsguide/series.cfm?serno=286,6.51 CRAY (cK) (286),,1 ironpan stagnopodzols,Placic Histic Stagnic Albic Podzols,Endoskeletic Stagnic Histic Albic Podzols (Placic),Endoskeletic Stagnic Histic Albic Podzols,
https://www.landis.org.uk/soilsguide/series.cfm?serno=1736,6.54 ROUGH TOR (rF) (1736),,4 ferric stagnopodzols,Endoskeletic Histic Stagnic Podzols,Endoskeletic Stagnic Histic Podzols,Endoskeletic Stagnic Histic Podzols,
https://www.landis.org.uk/soilsguide/series.cfm?serno=1123,6.51 LONSDALE (lN) (1123),,1 ironpan stagnopodzols,Placic Endoskeletic Histic Stagnic Podzols,Endoskeletic Stagnic Histic Podzols (Placic),Endoskeletic Stagnic Histic Podzols,
https://www.landis.org.uk/soilsguide/series.cfm?serno=1944,6.52 TRINK (TK) (1944),,2 humus-ironpan stagnopodzols,Endoskeletic Placic Stagnic Podzols,Endoskeletic Stagnic Podzols (Placic),Endoskeletic Stagnic Podzols,
https://www.landis.org.uk/soilsguide/series.cfm?serno=155,6.51 BURCOMBE (BC) (155),,1 ironpan stagnopodzols,Placic Endoskeletic Umbric Stagnic Albic Podzols,Endoskeletic Stagnic Umbric Albic Podzols (Placic),Endoskeletic Stagnic Umbric Albic Podzols,
https://www.landis.org.uk/soilsguide/series.cfm?serno=1245,6.12 MOOR GATE (mQ) (1245),,2 humic brown podzolic soils,Humic Endoskeletic Umbrisols,Endoskeletic Umbrisols (Humic),Endoskeletic Umbrisols,
https://www.landis.org.uk/soilsguide/series.cfm?serno=134,6.12 BOWDEN (Bw) (134),,2 humic brown podzolic soils,Humic Endoskeletic Umbrisols,Endoskeletic Umbrisols (Humic),Endoskeletic Umbrisols,
https://www.landis.org.uk/soilsguide/series.cfm?serno=1542,6.12 PARC (Pa) (1542),,2 humic brown podzolic soils,Humic Endoskeletic Umbrisols,Endoskeletic Umbrisols (Humic),Endoskeletic Umbrisols,
https://www.landis.org.uk/soilsguide/series.cfm?serno=1740,6.43 RAPLEY (rP) (1740),,3 stagnogley-podzols,Endostagnic Albic Carbic Podzols,Endostagnic Albic Carbic Podzols,Endostagnic Albic Carbic Podzols,
https://www.landis.org.uk/soilsguide/series.cfm?serno=700,6.43 HALDON (hA) (700),,3 stagnogley-podzols,Ruptic Endostagnic Albic Podzols,Endostagnic Albic Podzols (Ruptic),Endostagnic Albic Podzols,
https://www.landis.org.uk/soilsguide/series.cfm?serno=1220,5.72 MIDDLETON (Mt) (1220),,2 stagnogleyic argillic brown earths,Chromic Endostagnic Luvisols,Endostagnic Chromic Luvisols,Endostagnic Chromic Luvisols,
https://www.landis.org.uk/soilsguide/series.cfm?serno=128,5.82 BODDEN (bD) (128),,2 stagnogleyic paleo-argillic brown earths,Chromic Endostagnic Luvisols,Endostagnic Chromic Luvisols,Endostagnic Chromic Luvisols,
https://www.landis.org.uk/soilsguide/series.cfm?serno=1323,5.72 NUPEND (Np) (1323),,2 stagnogleyic argillic brown earths,Chromic Endostagnic Luvisols,Endostagnic Chromic Luvisols,Endostagnic Chromic Luvisols,
https://www.landis.org.uk/soilsguide/series.cfm?serno=1804,5.72 SALWICK (So) (1804),,2 stagnogleyic argillic brown earths,Chromic Endostagnic Luvisols,Endostagnic Chromic Luvisols,Endostagnic Chromic Luvisols,
https://www.landis.org.uk/soilsguide/series.cfm?serno=1948,5.82 TENDRING (TG) (1948),,2 stagnogleyic paleo-argillic brown earths,Chromic Endostagnic Luvisols,Endostagnic Chromic Luvisols,Endostagnic Chromic Luvisols,
https://www.landis.org.uk/soilsguide/series.cfm?serno=2222,5.72 WHIMPLE (wM) (2222),,2 stagnogleyic argillic brown earths,Chromic Endostagnic Luvisols,Endostagnic Chromic Luvisols,Endostagnic Chromic Luvisols,
https://www.landis.org.uk/soilsguide/series.cfm?serno=323,5.72 DUNNINGTON HEATH (Db) (323),,2 stagnogleyic argillic brown earths,Chromic Endostagnic Luvisols,Endostagnic Chromic Luvisols,Endostagnic Chromic Luvisols,
https://www.landis.org.uk/soilsguide/series.cfm?serno=514,5.72 FLINT (Fc) (514),,2 stagnogleyic argillic brown earths,Chromic Endostagnic Luvisols,Endostagnic Chromic Luvisols,Endostagnic Chromic Luvisols,
https://www.landis.org.uk/soilsguide/series.cfm?serno=732,5.72 HODNET (Hd) (732),,2 stagnogleyic argillic brown earths,Chromic Endostagnic Luvisols,Endostagnic Chromic Luvisols,Endostagnic Chromic Luvisols,
https://www.landis.org.uk/soilsguide/series.cfm?serno=772,5.82 HORSELEY (HQ) (772),,2 stagnogleyic paleo-argillic brown earths,Chromic Endostagnic Luvisols,Endostagnic Chromic Luvisols,Endostagnic Chromic Luvisols,
https://www.landis.org.uk/soilsguide/series.cfm?serno=773,5.82 HORNBEAM (HV) (773),,2 stagnogleyic paleo-argillic brown earths,Chromic Endostagnic Luvisols,Endostagnic Chromic Luvisols,Endostagnic Chromic Luvisols,
https://www.landis.org.uk/soilsguide/series.cfm?serno=027 ,5.72 ASTLEY HALL (AH) (27),,2 stagnogleyic argillic brown earths,Chromic Endostagnic Luvisols,Endostagnic Chromic Luvisols,Endostagnic Chromic Luvisols,
https://www.landis.org.uk/soilsguide/series.cfm?serno=055 ,5.72 ABBERWICK (AK) (55),,2 stagnogleyic argillic brown earths,Chromic Endostagnic Luvisols,Endostagnic Chromic Luvisols,Endostagnic Chromic Luvisols,
https://www.landis.org.uk/soilsguide/series.cfm?serno=2292,5.72 WINTERBOURNE (WG) (2292),,2 stagnogleyic argillic brown earths,Endostagnic Endoleptic Luvisols,Endostagnic Endoleptic Luvisols,Endostagnic Endoleptic Luvisols,
https://www.landis.org.uk/soilsguide/series.cfm?serno=025 ,5.72 ASHLEY (As) (25),,2 stagnogleyic argillic brown earths,Endostagnic Luvisols,Endostagnic Luvisols,Endostagnic Luvisols,
https://www.landis.org.uk/soilsguide/series.cfm?serno=1412,5.72 OXPASTURE (Ox) (1412),,2 stagnogleyic argillic brown earths,Endostagnic Luvisols,Endostagnic Luvisols,Endostagnic Luvisols,
https://www.landis.org.uk/soilsguide/series.cfm?serno=156,5.72 BURSLEDON (Bz) (156),,2 stagnogleyic argillic brown earths,Endostagnic Luvisols,Endostagnic Luvisols,Endostagnic Luvisols,
https://www.landis.org.uk/soilsguide/series.cfm?serno=170,5.72 BURLINGHAM (BW) (170),,2 stagnogleyic argillic brown earths,Endostagnic Luvisols,Endostagnic Luvisols,Endostagnic Luvisols,
https://www.landis.org.uk/soilsguide/series.cfm?serno=1734,5.72 RATSBOROUGH (rT) (1734),,2 stagnogleyic argillic brown earths,Endostagnic Luvisols,Endostagnic Luvisols,Endostagnic Luvisols,
https://www.landis.org.uk/soilsguide/series.cfm?serno=184,5.72 BISHAMPTON (Bis) (184),,2 stagnogleyic argillic brown earths,Endostagnic Luvisols,Endostagnic Luvisols,Endostagnic Luvisols,
https://www.landis.org.uk/soilsguide/series.cfm?serno=197,5.72 BIGNOR (Bgn) (197),,2 stagnogleyic argillic brown earths,Endostagnic Luvisols,Endostagnic Luvisols,Endostagnic Luvisols,
https://www.landis.org.uk/soilsguide/series.cfm?serno=2230,5.72 WIGHILL (wL) (2230),,2 stagnogleyic argillic brown earths,Endostagnic Luvisols,Endostagnic Luvisols,Endostagnic Luvisols,
https://www.landis.org.uk/soilsguide/series.cfm?serno=2302,5.72 YELD (Yd) (2302),,2 stagnogleyic argillic brown earths,Endostagnic Luvisols,Endostagnic Luvisols,Endostagnic Luvisols,
https://www.landis.org.uk/soilsguide/series.cfm?serno=276,5.72 CURTISDEN (Crd) (276),,2 stagnogleyic argillic brown earths,Endostagnic Luvisols,Endostagnic Luvisols,Endostagnic Luvisols,
https://www.landis.org.uk/soilsguide/series.cfm?serno=765,5.55 HOCKHAM (HO) (765),,5 gleyic argillic brown sands,Arenic Ruptic Endostagnic Luvisols,"Endostagnic Luvisols (Arenic, Ruptic)",Endostagnic Luvisols,
https://www.landis.org.uk/soilsguide/series.cfm?serno=2229,5.72 WICKMERE (wC) (2229),,2 stagnogleyic argillic brown earths,Ruptic Endostagnic Luvisols,Endostagnic Luvisols (Ruptic),Endostagnic Luvisols,
https://www.landis.org.uk/soilsguide/series.cfm?serno=769,5.72 HONINGHAM (HG) (769),,2 stagnogleyic argillic brown earths,Ruptic Endostagnic Luvisols,Endostagnic Luvisols (Ruptic),Endostagnic Luvisols,
https://www.landis.org.uk/soilsguide/series.cfm?serno=168,6.11 BROWNRIGG (Bl) (168),,1 typical brown podzolic soils,Arenic Entic Podzols,Entic Podzols (Arenic),Entic Podzols,
https://www.landis.org.uk/soilsguide/series.cfm?serno=1703,3.46 REACH (Rj) (1703),,6 humic gleyic rendzinas,Epigleyic Rendzic Phaeozems,Epigleyic Rendzic Phaeozems,Epigleyic Rendzic Phaeozems,
https://www.landis.org.uk/soilsguide/series.cfm?serno=2238,3.72 WILLINGHAM (Wq) (2238),,2 gleyic rendzina-like alluvial soils,Epigleyic Rendzic Phaeozems,Epigleyic Rendzic Phaeozems,Epigleyic Rendzic Phaeozems,
https://www.landis.org.uk/soilsguide/series.cfm?serno=1836,6.34 SOUTHAMPTON (sU) (1836),,4 paleo-argillic podzols,Episkeletic Ruptic Umbric Albic Podzols,Episkeletic Umbric Albic Podzols (Ruptic),Episkeletic Umbric Albic Podzols,
https://www.landis.org.uk/soilsguide/series.cfm?serno=642,6.31 GOLDSTONE (gO) (642),,1 humo-ferric podzols,Episkeletic Albic Podzols,Episkeletic Albic Podzols,Episkeletic Albic Podzols,
https://www.landis.org.uk/soilsguide/series.cfm?serno=107,6.11 BASCHURCH (Bb) (107),,1 typical brown podzolic soils,Episkeletic Entic Podzols,Episkeletic Entic Podzols,Episkeletic Entic Podzols,
https://www.landis.org.uk/soilsguide/series.cfm?serno=2250,5.54 WORLINGTON (Wt) (2250),,4 argillic brown sands,Eutric Hypoluvic Arenosols,Eutric Arenosols (Hypoluvic) ,Eutric Arenosols,
https://www.landis.org.uk/soilsguide/series.cfm?serno=240,5.51 COTTENHAM (cN) (240),,1 typical brown sands,Eutric Rubic Arenosols,Eutric Arenosols (Rubic),Eutric Arenosols,
https://www.landis.org.uk/soilsguide/series.cfm?serno=282,5.51 CUCKNEY (Cck) (282),,1 typical brown sands,Eutric Rubic Arenosols,Eutric Arenosols (Rubic),Eutric Arenosols,
https://www.landis.org.uk/soilsguide/series.cfm?serno=1300,5.51 NABURN (Nu) (1300),,1 typical brown sands,Eutric Brunic Arenosols,Eutric Brunic Arenosols,Eutric Brunic Arenosols,
https://www.landis.org.uk/soilsguide/series.cfm?serno=1831,5.62 SNARGATE (S) (1831),,2 gleyic brown alluvial soils,Siltic Fluvic Eutric Gleysols,Eutric Calcaric Gleysols (Siltic),Eutric Calcaric Gleysols,
https://www.landis.org.uk/soilsguide/series.cfm?serno=160,5.41 BEARSTED (BE) (160),,1 typical brown earths,Eutric Cambisols,Eutric Cambisols,Eutric Cambisols,
https://www.landis.org.uk/soilsguide/series.cfm?serno=1821,5.41 SHERINGHAM (sQ) (1821),,1 typical brown earths,Eutric Cambisols,Eutric Cambisols,Eutric Cambisols,
https://www.landis.org.uk/soilsguide/series.cfm?serno=185,5.41 BLACK HEAD (Bkd) (185),,1 typical brown earths,Eutric Cambisols,Eutric Cambisols,Eutric Cambisols,
https://www.landis.org.uk/soilsguide/series.cfm?serno=2009,5.41 URCHFONT (Uc) (2009),,1 typical brown earths,Eutric Cambisols,Eutric Cambisols,Eutric Cambisols,
https://www.landis.org.uk/soilsguide/series.cfm?serno=2225,5.41 WICK (wQ) (2225),,1 typical brown earths,Eutric Cambisols,Eutric Cambisols,Eutric Cambisols,
https://www.landis.org.uk/soilsguide/series.cfm?serno=406,5.41 EAST KESWICK (Ew) (406),,1 typical brown earths,Eutric Cambisols,Eutric Cambisols,Eutric Cambisols,
https://www.landis.org.uk/soilsguide/series.cfm?serno=434,5.41 ERISEY (eY) (434),,1 typical brown earths,Eutric Cambisols,Eutric Cambisols,Eutric Cambisols,
https://www.landis.org.uk/soilsguide/series.cfm?serno=028 ,5.41 ATRIM (Ae) (28),,1 typical brown earths,Siltic Eutric Cambisols,Eutric Cambisols (Siltic),Eutric Cambisols,
https://www.landis.org.uk/soilsguide/series.cfm?serno=1333,5.41 NEWBIGGIN (nG) (1333),,1 typical brown earths,Eutric Chromic Cambisols,Eutric Chromic Cambisols,Eutric Chromic Cambisols,
https://www.landis.org.uk/soilsguide/series.cfm?serno=1403,5.41 OGLETHORPE (Og) (1403),,1 typical brown earths,Eutric Chromic Cambisols,Eutric Chromic Cambisols,Eutric Chromic Cambisols,
https://www.landis.org.uk/soilsguide/series.cfm?serno=101,5.44 BANBURY (Bp) (101),,4 ferritic brown earths,Eutric Chromic Endoleptic Cambisols,Eutric Chromic Endoleptic Cambisols,Eutric Chromic Endoleptic Cambisols,
https://www.landis.org.uk/soilsguide/series.cfm?serno=1237,5.41 MILFORD (mD) (1237),,1 typical brown earths,Eutric Chromic Endoleptic Cambisols,Eutric Chromic Endoleptic Cambisols,Eutric Chromic Endoleptic Cambisols,
https://www.landis.org.uk/soilsguide/series.cfm?serno=149,5.41 BROMSGROVE (bG) (149),,1 typical brown earths,Eutric Chromic Endoleptic Cambisols,Eutric Chromic Endoleptic Cambisols,Eutric Chromic Endoleptic Cambisols,
https://www.landis.org.uk/soilsguide/series.cfm?serno=1729,5.41 RYDON (Rx) (1729),,1 typical brown earths,Eutric Chromic Endoleptic Cambisols,Eutric Chromic Endoleptic Cambisols,Eutric Chromic Endoleptic Cambisols,
https://www.landis.org.uk/soilsguide/series.cfm?serno=1900,5.44 TADMARTON (tM) (1900),,4 ferritic brown earths,Eutric Chromic Endoleptic Cambisols,Eutric Chromic Endoleptic Cambisols,Eutric Chromic Endoleptic Cambisols,
https://www.landis.org.uk/soilsguide/series.cfm?serno=2223,6.11 WHITCOTT (Wct) (2223),,1 typical brown podzolic soils,Eutric Chromic Endoleptic Cambisols,Eutric Chromic Endoleptic Cambisols,Eutric Chromic Endoleptic Cambisols,
https://www.landis.org.uk/soilsguide/series.cfm?serno=243,5.41 CREDITON (cC) (243),,1 typical brown earths,Eutric Chromic Endoleptic Cambisols,Eutric Chromic Endoleptic Cambisols,Eutric Chromic Endoleptic Cambisols,
https://www.landis.org.uk/soilsguide/series.cfm?serno=400,5.41 EARDISTON (Es) (400),,1 typical brown earths,Eutric Chromic Endoleptic Cambisols,Eutric Chromic Endoleptic Cambisols,Eutric Chromic Endoleptic Cambisols,
https://www.landis.org.uk/soilsguide/series.cfm?serno=1124,5.61 LUGWARDINE (Lq) (1124),,1 typical brown alluvial soils,Eutric Chromic Fluvic Cambisols,Eutric Chromic Fluvic Cambisols,Eutric Chromic Fluvic Cambisols,
https://www.landis.org.uk/soilsguide/series.cfm?serno=1251,5.62 MATHON (MH) (1251),,2 gleyic brown alluvial soils,Fluvic Eutric Chromic Cambisols,Eutric Chromic Fluvic Cambisols,Eutric Chromic Fluvic Cambisols,
https://www.landis.org.uk/soilsguide/series.cfm?serno=1003,5.52 KEXBY (Kx) (1003),,2 gleyic brown sands,Eutric Endogleyic Arenosols,Eutric Endogleyic Arenosols,Eutric Endogleyic Arenosols,
https://www.landis.org.uk/soilsguide/series.cfm?serno=1405,5.52 OLLERTON (Ol) (1405),,2 gleyic brown sands,Eutric Endogleyic Arenosols,Eutric Endogleyic Arenosols,Eutric Endogleyic Arenosols,
https://www.landis.org.uk/soilsguide/series.cfm?serno=030 ,5.43 AYLSHAM (aY) (30),,3 gleyic brown earths,Eutric Endogleyic Cambisols,Eutric Endogleyic Cambisols,Eutric Endogleyic Cambisols,
https://www.landis.org.uk/soilsguide/series.cfm?serno=032 ,5.43 ARROW (aO) (32),,3 gleyic brown earths,Eutric Endogleyic Cambisols,Eutric Endogleyic Cambisols,Eutric Endogleyic Cambisols,
https://www.landis.org.uk/soilsguide/series.cfm?serno=039 ,5.43 ASSARTS (AS) (39),,3 gleyic brown earths,Eutric Endogleyic Cambisols,Eutric Endogleyic Cambisols,Eutric Endogleyic Cambisols,
https://www.landis.org.uk/soilsguide/series.cfm?serno=1409,5.46 OAKINGTON (Ok) (1409),,6 gleyic ferritic brown earths,Eutric Endogleyic Cambisols,Eutric Endogleyic Cambisols,Eutric Endogleyic Cambisols,
https://www.landis.org.uk/soilsguide/series.cfm?serno=764,5.43 HOPSFORD (HP) (764),,3 gleyic brown earths,Eutric Endogleyic Cambisols,Eutric Endogleyic Cambisols,Eutric Endogleyic Cambisols,
https://www.landis.org.uk/soilsguide/series.cfm?serno=1243,5.43 MELBOURNE (mU) (1243),,3 gleyic brown earths,Eutric Endogleyic Endoleptic Cambisols,Eutric Endogleyic Cambisols,Eutric Endogleyic Cambisols,
https://www.landis.org.uk/soilsguide/series.cfm?serno=811,5.43 IVYBRIDGE (Iy) (811),,3 gleyic brown earths,Eutric Endogleyic Endoskeletic Cambisols,Eutric Endogleyic Cambisols,Eutric Endogleyic Cambisols,
https://www.landis.org.uk/soilsguide/series.cfm?serno=1152,5.41 LESNEAGUE (Lsg) (1152),,1 typical brown earths,Eutric Endoleptic Cambisols,Eutric Endoleptic Cambisols,Eutric Endoleptic Cambisols,
https://www.landis.org.uk/soilsguide/series.cfm?serno=1202,5.41 MALHAM (mJ) (1202),,1 typical brown earths,Eutric Endoleptic Cambisols,Eutric Endoleptic Cambisols,Eutric Endoleptic Cambisols,
https://www.landis.org.uk/soilsguide/series.cfm?serno=1232,5.41 MUNSLOW (Mq) (1232),,1 typical brown earths,Eutric Endoleptic Cambisols,Eutric Endoleptic Cambisols,Eutric Endoleptic Cambisols,
https://www.landis.org.uk/soilsguide/series.cfm?serno=1303,5.41 NEATH (Nh) (1303),,1 typical brown earths,Eutric Endoleptic Cambisols,Eutric Endoleptic Cambisols,Eutric Endoleptic Cambisols,
https://www.landis.org.uk/soilsguide/series.cfm?serno=1553,5.41 PLOWDEN (pJ) (1553),,1 typical brown earths,Eutric Endoleptic Cambisols,Eutric Endoleptic Cambisols,Eutric Endoleptic Cambisols,
https://www.landis.org.uk/soilsguide/series.cfm?serno=171,5.41 BARTON (BT) (171),,1 typical brown earths,Eutric Endoleptic Cambisols,Eutric Endoleptic Cambisols,Eutric Endoleptic Cambisols,
https://www.landis.org.uk/soilsguide/series.cfm?serno=1713,5.41 RIVINGTON (Rc) (1713),,1 typical brown earths,Eutric Endoleptic Cambisols,Eutric Endoleptic Cambisols,Eutric Endoleptic Cambisols,
https://www.landis.org.uk/soilsguide/series.cfm?serno=1891,5.41 SOUTH PETHERTON (Spn) (1891),,1 typical brown earths,Eutric Endoleptic Cambisols,Eutric Endoleptic Cambisols,Eutric Endoleptic Cambisols,
https://www.landis.org.uk/soilsguide/series.cfm?serno=1924,5.41 TRUSHAM (Tu) (1924),,1 typical brown earths,Eutric Endoleptic Cambisols,Eutric Endoleptic Cambisols,Eutric Endoleptic Cambisols,
https://www.landis.org.uk/soilsguide/series.cfm?serno=2203,5.41 WALTHAM (WA) (2203),,1 typical brown earths,Eutric Endoleptic Cambisols,Eutric Endoleptic Cambisols,Eutric Endoleptic Cambisols,
https://www.landis.org.uk/soilsguide/series.cfm?serno=305,5.41 DENBIGH (Dg) (305),,1 typical brown earths,Eutric Endoleptic Cambisols,Eutric Endoleptic Cambisols,Eutric Endoleptic Cambisols,
https://www.landis.org.uk/soilsguide/series.cfm?serno=1309,5.41 NEWNHAM (Nn) (1309),,1 typical brown earths,Eutric Endoskeleti-Eutric Cambisols,Eutric Endoskeletic Cambisols,Eutric Endoskeletic Cambisols,
https://www.landis.org.uk/soilsguide/series.cfm?serno=1708,5.41 RHEIDOL (Rn) (1708),,1 typical brown earths,Eutric Endoskeleti-Eutric Cambisols,Eutric Endoskeletic Cambisols,Eutric Endoskeletic Cambisols,
https://www.landis.org.uk/soilsguide/series.cfm?serno=1126,5.41 LUPPITT (Lv) (1126),,1 typical brown earths,Eutric Endoskeletic Cambisols,Eutric Endoskeletic Cambisols,Eutric Endoskeletic Cambisols,
https://www.landis.org.uk/soilsguide/series.cfm?serno=701,5.41 HALL (hH) (701),,1 typical brown earths,Eutric Endoskeletic Cambisols,Eutric Endoskeletic Cambisols,Eutric Endoskeletic Cambisols,
https://www.landis.org.uk/soilsguide/series.cfm?serno=095,6.11 BANC (Bnc) (95),,1 typical brown podzolic soils,Eutric Chromic Endoskeletic Cambisols,Eutric Endoskeletic Chromic Cambisols,Eutric Endoskeletic Chromic Cambisols,
https://www.landis.org.uk/soilsguide/series.cfm?serno=1319,6.11 NEFERN (Ne) (1319),,1 typical brown podzolic soils,Eutric Chromic Endoskeletic Cambisols,Eutric Endoskeletic Chromic Cambisols,Eutric Endoskeletic Chromic Cambisols,
https://www.landis.org.uk/soilsguide/series.cfm?serno=718,5.42 HEAPEY (Hj) (718),,2 stagnogleyic brown earths,Eutric Endostagnic Endoskeletic Cambisols,Eutric Endoskeletic Endostagnic  Cambisols,Eutric Endoskeletic Endostagnic  Cambisols,
https://www.landis.org.uk/soilsguide/series.cfm?serno=1161,5.42 LLANGENDEIRNE (Lng) (1161),,2 stagnogleyic brown earths,Eutric Endostagnic Cambisols,Eutric Endostagnic Cambisols,Eutric Endostagnic Cambisols,
https://www.landis.org.uk/soilsguide/series.cfm?serno=1806,5.42 SANNAN (Sn) (1806),,2 stagnogleyic brown earths,Eutric Endostagnic Cambisols,Eutric Endostagnic Cambisols,Eutric Endostagnic Cambisols,
https://www.landis.org.uk/soilsguide/series.cfm?serno=782,5.42 HORSHAM (Hsm) (782),,2 stagnogleyic brown earths,Eutric Endostagnic Cambisols,Eutric Endostagnic Cambisols,Eutric Endostagnic Cambisols,
https://www.landis.org.uk/soilsguide/series.cfm?serno=037 ,5.61 ALUN (aU) (37),,1 typical brown alluvial soils,Eutric Fluvic Cambisols,Eutric Fluvic Cambisols,Eutric Fluvic Cambisols,
https://www.landis.org.uk/soilsguide/series.cfm?serno=110,5.61 BEACH BANK (Bv) (110),,1 typical brown alluvial soils,Eutric Fluvic Cambisols,Eutric Fluvic Cambisols,Eutric Fluvic Cambisols,
https://www.landis.org.uk/soilsguide/series.cfm?serno=1910,5.61 TEME (Tm) (1910),,1 typical brown alluvial soils,Eutric Fluvic Cambisols,Eutric Fluvic Cambisols,Eutric Fluvic Cambisols,
https://www.landis.org.uk/soilsguide/series.cfm?serno=2220,5.61 WHARFE (Wv) (2220),,1 typical brown alluvial soils,Eutric Fluvic Cambisols,Eutric Fluvic Cambisols,Eutric Fluvic Cambisols,
https://www.landis.org.uk/soilsguide/series.cfm?serno=1550,8.11 PEPPERTHORPE (PT) (1550),,1 typical alluvial gley soils,Fluvic Eutric Cambisols,Eutric Fluvic Cambisols,Eutric Fluvic Cambisols,
https://www.landis.org.uk/soilsguide/series.cfm?serno=1935,5.62 TRENT (tN) (1935),,2 gleyic brown alluvial soils,Eutric Fluvic Endogleyic Cambisols,Eutric Fluvic Endogleyic Cambisols,Eutric Fluvic Endogleyic Cambisols,
https://www.landis.org.uk/soilsguide/series.cfm?serno=123,8.11 BLACKWATER (Bd) (123),,1 typical alluvial gley soils,Fluvic Eutric Gleysols,Eutric Fluvic Gleysols,Eutric Fluvic Gleysols,
https://www.landis.org.uk/soilsguide/series.cfm?serno=1748,8.11 ROCKCLIFFE (RK) (1748),,1 typical alluvial gley soils,Fluvic Eutric Gleysols,Eutric Fluvic Gleysols,Eutric Fluvic Gleysols,
https://www.landis.org.uk/soilsguide/series.cfm?serno=186,8.11 BLITHE (Bhe) (186),,1 typical alluvial gley soils,Fluvic Eutric Gleysols,Eutric Fluvic Gleysols,Eutric Fluvic Gleysols,
https://www.landis.org.uk/soilsguide/series.cfm?serno=1903,8.11 TANVATS (T) (1903),,1 typical alluvial gley soils,Fluvic Eutric Gleysols,Eutric Fluvic Gleysols,Eutric Fluvic Gleysols,
https://www.landis.org.uk/soilsguide/series.cfm?serno=236,8.11 CONWAY (Ch) (236),,1 typical alluvial gley soils,Fluvic Eutric Gleysols,Eutric Fluvic Gleysols,Eutric Fluvic Gleysols,
https://www.landis.org.uk/soilsguide/series.cfm?serno=413,8.11 ENBORNE (Eo) (413),,1 typical alluvial gley soils,Fluvic Eutric Gleysols,Eutric Fluvic Gleysols,Eutric Fluvic Gleysols,
https://www.landis.org.uk/soilsguide/series.cfm?serno=734,8.11 HOLLINGTON (Hy) (734),,1 typical alluvial gley soils,Fluvic Eutric Gleysols,Eutric Fluvic Gleysols,Eutric Fluvic Gleysols,
https://www.landis.org.uk/soilsguide/series.cfm?serno=313,8.13 DOWELS (Dw) (313),,3 pelo-alluvial gley soils,Clayic Fluvic Eutric Thaptohistic Gleysols,"Eutric Fluvic Gleysols (Clayic, Thaptohistic)",Eutric Fluvic Gleysols,
https://www.landis.org.uk/soilsguide/series.cfm?serno=1221,8.13 MIDELNEY (Ma) (1221),,3 pelo-alluvial gley soils,Clayic Fluvic Eutric Gleysols,Eutric Fluvic Gleysols (Clayic),Eutric Fluvic Gleysols,
https://www.landis.org.uk/soilsguide/series.cfm?serno=2253,5.63 WYRE (wH) (2253),,3 pelogleyic brown alluvial soils,Clayic Fluvic Eutric Gleysols,Eutric Fluvic Gleysols (Clayic),Eutric Fluvic Gleysols,
https://www.landis.org.uk/soilsguide/series.cfm?serno=2270,8.13 WALLASEA (wE) (2270),,3 pelo-alluvial gley soils,Clayic Fluvic Eutric Gleysols,Eutric Fluvic Gleysols (Clayic),Eutric Fluvic Gleysols,
https://www.landis.org.uk/soilsguide/series.cfm?serno=235,8.13 COMPTON (Ce) (235),,3 pelo-alluvial gley soils,Clayic Fluvic Eutric Gleysols,Eutric Fluvic Gleysols (Clayic),Eutric Fluvic Gleysols,
https://www.landis.org.uk/soilsguide/series.cfm?serno=505,8.13 FLADBURY (Fa) (505),,3 pelo-alluvial gley soils,Clayic Fluvic Eutric Gleysols,Eutric Fluvic Gleysols (Clayic),Eutric Fluvic Gleysols,
https://www.landis.org.uk/soilsguide/series.cfm?serno=1844,8.13 STIXWOULD (SX) (1844),,3 pelo-alluvial gley soils,Fluvic Clayic Eutric Gleysols,Eutric Fluvic Gleysols (Clayic),Eutric Fluvic Gleysols,
https://www.landis.org.uk/soilsguide/series.cfm?serno=536,5.46 FLITWICK (Fk) (536),,6 gleyic ferritic brown earths,Eutric Gleyic Cambisols,Eutric Gleyic Cambisols,Eutric Gleyic Cambisols,
https://www.landis.org.uk/soilsguide/series.cfm?serno=1600,8.31 QUORNDON (Qn) (1600),,1 typical cambic gley soils,Eutric Gleysols,Eutric Gleysols,Eutric Gleysols,
https://www.landis.org.uk/soilsguide/series.cfm?serno=1853,8.31 SUSTEAD (sZ) (1853),,1 typical cambic gley soils,Eutric Gleysols,Eutric Gleysols,Eutric Gleysols,
https://www.landis.org.uk/soilsguide/series.cfm?serno=339,8.31 DEEPDALES (dC) (339),,1 typical cambic gley soils,Eutric Gleysols,Eutric Gleysols,Eutric Gleysols,
https://www.landis.org.uk/soilsguide/series.cfm?serno=515,8.21 FORMBY (Fm) (515),,1 typical sandy gley soils,Arenic Eutric Gleysols ,Eutric Gleysols (Arenic),Eutric Gleysols,
https://www.landis.org.uk/soilsguide/series.cfm?serno=1700,8.11 RACTON (rC) (1700),,1 typical alluvial gley soils,Siltic Endoskeletic Eutric Gleysols,"Eutric Gleysols (Endoskeletic, Siltic)",Eutric Gleysols,
https://www.landis.org.uk/soilsguide/series.cfm?serno=1863,8.31 SOUTHMINSTER (SO) (1863),,1 typical cambic gley soils,Eutric Endoskeletic Gleysols,Eutric Gleysols (Endoskeletic),Eutric Gleysols,
https://www.landis.org.uk/soilsguide/series.cfm?serno=2287,8.41 WATLINGTON (Wat) (2287),,1 typical argillic gley soils,Luvic Eutric Gleysols,Eutric Gleysols (Luvic),Eutric Gleysols,
https://www.landis.org.uk/soilsguide/series.cfm?serno=287,8.41 COATE (CO) (287),,1 typical argillic gley soils,Luvic Eutric Gleysols,Eutric Gleysols (Luvic),Eutric Gleysols,
https://www.landis.org.uk/soilsguide/series.cfm?serno=1310,5.51 NEWPORT (Na) (1310),,1 typical brown sands,Eutric Lamellic Arenosols,Eutric Lamellic Arenosols,Eutric Arenosols,
https://www.landis.org.uk/soilsguide/series.cfm?serno=1321,3.13 NEWTONDALE (nD) (1321),,3 brown rankers,Eutric Leptosols,Eutric Leptosols,Eutric Leptosols,
https://www.landis.org.uk/soilsguide/series.cfm?serno=256,3.13 CRWBIN (CB) (256),,3 brown rankers,Eutric Leptosols,Eutric Leptosols,Eutric Leptosols,
https://www.landis.org.uk/soilsguide/series.cfm?serno=1006,7.11 KINGSTON (Kg) (1006),,1 typical stagnogley soils,Eutric Albic Luvic Stagnosols,Eutric Luvic Albic Stagnosols,Eutric Luvic Albic Stagnosols,
https://www.landis.org.uk/soilsguide/series.cfm?serno=112,7.11 BECCLES (bW) (112),,1 typical stagnogley soils,Eutric Albic Luvic Stagnosols,Eutric Luvic Albic Stagnosols,Eutric Luvic Albic Stagnosols,
https://www.landis.org.uk/soilsguide/series.cfm?serno=1209,7.11 MARTOCK (Mb) (1209),,1 typical stagnogley soils,Eutric Albic Luvic Stagnosols,Eutric Luvic Albic Stagnosols,Eutric Luvic Albic Stagnosols,
https://www.landis.org.uk/soilsguide/series.cfm?serno=1549,7.11 PINDER (PN) (1549),,1 typical stagnogley soils,Eutric Albic Luvic Stagnosols,Eutric Luvic Albic Stagnosols,Eutric Luvic Albic Stagnosols,
https://www.landis.org.uk/soilsguide/series.cfm?serno=1843,7.11 STANWAY (sY) (1843),,1 typical stagnogley soils,Eutric Albic Luvic Stagnosols,Eutric Luvic Albic Stagnosols,Eutric Luvic Albic Stagnosols,
https://www.landis.org.uk/soilsguide/series.cfm?serno=274,7.11 CROFT PASCOE (Cfp) (274),,1 typical stagnogley soils,Eutric Albic Luvic Stagnosols,Eutric Luvic Albic Stagnosols,Eutric Luvic Albic Stagnosols,
https://www.landis.org.uk/soilsguide/series.cfm?serno=321,7.11 DUNKESWICK (Dk) (321),,1 typical stagnogley soils,Eutric Albic Luvic Stagnosols,Eutric Luvic Albic Stagnosols,Eutric Luvic Albic Stagnosols,
https://www.landis.org.uk/soilsguide/series.cfm?serno=616,7.11 GRESHAM (Gs) (616),,1 typical stagnogley soils,Eutric Albic Luvic Stagnosols,Eutric Luvic Albic Stagnosols,Eutric Luvic Albic Stagnosols,
https://www.landis.org.uk/soilsguide/series.cfm?serno=776,7.11 HOLDERNESS (H) (776),,1 typical stagnogley soils,Eutric Albic Luvic Stagnosols,Eutric Luvic Albic Stagnosols,Eutric Luvic Albic Stagnosols,
https://www.landis.org.uk/soilsguide/series.cfm?serno=1802,7.11 SALOP (Sh) (1802),,1 typical stagnogley soils,Chromic Eutric Albic Luvic Stagnosols,Eutric Luvic Albic Stagnosols (Chromic),Eutric Luvic Albic Stagnosols,
https://www.landis.org.uk/soilsguide/series.cfm?serno=2100,7.11 VERNOLDS (Vs) (2100),,1 typical stagnogley soils,Chromic Eutric Albic Luvic Stagnosols,Eutric Luvic Albic Stagnosols (Chromic),Eutric Luvic Albic Stagnosols,
https://www.landis.org.uk/soilsguide/series.cfm?serno=226,7.11 CLIFTON (Cu) (226),,1 typical stagnogley soils,Chromic Eutric Albic Luvic Stagnosols,Eutric Luvic Albic Stagnosols (Chromic),Eutric Luvic Albic Stagnosols,
https://www.landis.org.uk/soilsguide/series.cfm?serno=281,7.11 CLAVERLEY (Cvy) (281),,1 typical stagnogley soils,Chromic Eutric Albic Luvic Stagnosols,Eutric Luvic Albic Stagnosols (Chromic),Eutric Luvic Albic Stagnosols,
https://www.landis.org.uk/soilsguide/series.cfm?serno=2227,7.11 WICKHAM (Wh) (2227),,1 typical stagnogley soils,Eutric Luvic Planosols,Eutric Luvic Planosols,Eutric Luvic Planosols,
https://www.landis.org.uk/soilsguide/series.cfm?serno=1726,7.11 RUFFORD (Rg) (1726),,1 typical stagnogley soils,Chromic Eutric Luvic Planosols,Eutric Luvic Planosols (Chromic),Eutric Luvic Planosols,
https://www.landis.org.uk/soilsguide/series.cfm?serno=1527,7.11 PROLLEYMOOR (PM) (1527),,1 typical stagnogley soils,Eutric Luvic Stagnosols,Eutric Luvic Stagnosols,Eutric Luvic Stagnosols,
https://www.landis.org.uk/soilsguide/series.cfm?serno=1702,7.12 RAGDALE (Rq) (1702),,2 pelo-stagnogley soils,Eutric Luvic Stagnosols,Eutric Luvic Stagnosols,Eutric Luvic Stagnosols,
https://www.landis.org.uk/soilsguide/series.cfm?serno=516,7.13 FFOREST (Fo) (516),,3 cambic stagnogley soils,Chromic Eutric Albic Stagnosols,Eutric Luvic Stagnosols (Chromic),Eutric Luvic Stagnosols,
https://www.landis.org.uk/soilsguide/series.cfm?serno=1010,7.11 KINGS NEWTON (Kt) (1010),,1 typical stagnogley soils,Ruptic Eutric Luvic Stagnosols,Eutric Luvic Stagnosols (Ruptic),Eutric Luvic Stagnosols,
https://www.landis.org.uk/soilsguide/series.cfm?serno=1305,7.11 NETCHWOOD (Nw) (1305),,1 typical stagnogley soils,Siltic Eutric Luvic Stagnosols,Eutric Luvic Stagnosols (Siltic),Eutric Luvic Stagnosols,
https://www.landis.org.uk/soilsguide/series.cfm?serno=006 ,7.13 ALBRIGHTON (Ab) (6),,3 cambic stagnogley soils,Siltic Eutric Stagnosols,Eutric Luvic Stagnosols (Siltic),Eutric Luvic Stagnosols,
https://www.landis.org.uk/soilsguide/series.cfm?serno=1933,7.13 TICKNALL (tL) (1933),,3 cambic stagnogley soils,Siltic Eutric Stagnosols,Eutric Luvic Stagnosols (Siltic),Eutric Luvic Stagnosols,
https://www.landis.org.uk/soilsguide/series.cfm?serno=103,7.13 BARDSEY (By) (103),,3 cambic stagnogley soils,Eutric Planosols,Eutric Planosols,Eutric Planosols,
https://www.landis.org.uk/soilsguide/series.cfm?serno=1520,7.13 PORTINGTON (Pv) (1520),,3 cambic stagnogley soils,Ruptic Eutric Planosols,Eutric Planosols (Ruptic),Eutric Planosols,
https://www.landis.org.uk/soilsguide/series.cfm?serno=1304,5.42 NERCWYS (Nc) (1304),,2 stagnogleyic brown earths,Eutric Stagnic Cambisols,Eutric Stagnic Cambisols,Eutric Stagnic Cambisols,
https://www.landis.org.uk/soilsguide/series.cfm?serno=142,7.13 BRICKFIELD (Br) (142),,3 cambic stagnogley soils,Eutric Stagnosols,Eutric Stagnosols,Eutric Stagnosols,
https://www.landis.org.uk/soilsguide/series.cfm?serno=646,7.13 GREYLAND (gJ) (646),,3 cambic stagnogley soils,Eutric Stagnosols,Eutric Stagnosols,Eutric Stagnosols,
https://www.landis.org.uk/soilsguide/series.cfm?serno=1839,7.12 SPETCHLEY (Sy) (1839),,2 pelo-stagnogley soils,Clayic Chromic Eutric Stagnosols,"Eutric Stagnosols (Clayic, Chromic)",Eutric Stagnosols,
https://www.landis.org.uk/soilsguide/series.cfm?serno=244,7.12 CREWE (Cg) (244),,2 pelo-stagnogley soils,Clayic Chromic Eutric Stagnosols,"Eutric Stagnosols (Clayic, Chromic)",Eutric Stagnosols,
https://www.landis.org.uk/soilsguide/series.cfm?serno=1137,7.12 LAWFORD (LD) (1137),,2 pelo-stagnogley soils,Clayic Ruptic Eutric Stagnosols,"Eutric Stagnosols (Clayic, Ruptic)",Eutric Stagnosols,
https://www.landis.org.uk/soilsguide/series.cfm?serno=1905,7.12 TEDBURN (Tn) (1905),,2 pelo-stagnogley soils,Clayic Eutric Stagnosols,Eutric Stagnosols (Clayic),Eutric Stagnosols,
https://www.landis.org.uk/soilsguide/series.cfm?serno=300,7.12 DALE (Dl) (300),,2 pelo-stagnogley soils,Clayic Eutric Stagnosols,Eutric Stagnosols (Clayic),Eutric Stagnosols,
https://www.landis.org.uk/soilsguide/series.cfm?serno=506,7.12 FOGGATHORPE (Fp) (506),,2 pelo-stagnogley soils,Clayic Eutric Stagnosols,Eutric Stagnosols (Clayic),Eutric Stagnosols,
https://www.landis.org.uk/soilsguide/series.cfm?serno=702,7.12 HALLSWORTH (Hk) (702),,2 pelo-stagnogley soils,Clayic Eutric Stagnosols,Eutric Stagnosols (Clayic),Eutric Stagnosols,
https://www.landis.org.uk/soilsguide/series.cfm?serno=2241,7.12 WINDSOR (Wn) (2241),,2 pelo-stagnogley soils,Eutric Vertic Stagnosols,Eutric Vertic Stagnosols,Eutric Vertic Stagnosols,
https://www.landis.org.uk/soilsguide/series.cfm?serno=306,7.12 DENCHWORTH (Da) (306),,2 pelo-stagnogley soils,Eutric Vertic Stagnosols,Eutric Vertic Stagnosols,Eutric Vertic Stagnosols,
https://www.landis.org.uk/soilsguide/series.cfm?serno=179,5.55 BENTLEY (BX) (179),,5 gleyic argillic brown sands,Arenic Magniferric Endogleyic Luvisols,"Ferric Endogleyic Luvisols (Arenic, Magnesic)",Ferric Endogleyic Luvisols,
https://www.landis.org.uk/soilsguide/series.cfm?serno=351,5.55 DOWNHAM (DM) (351),,5 gleyic argillic brown sands,Arenic Magniferric Endogleyic Luvisols,"Ferric Endogleyic Luvisols (Arenic, Magnesic)",Ferric Endogleyic Luvisols,
https://www.landis.org.uk/soilsguide/series.cfm?serno=228,5.62 CLWYD (Cl) (228),,2 gleyic brown alluvial soils,Siltic Fluvic Gleyic Cambisols,Fluvic Gleyic Cambisols (Siltic),Fluvic Gleyic Cambisols,
https://www.landis.org.uk/soilsguide/series.cfm?serno=018 ,8.51 APPLEDORE (Ap) (18),,1 typical humic-alluvial gley soils,Clayic Fluvic Mollic Gleysols,Fluvic Mollic Gleysols (Clayic),Fluvic Mollic Gleysols,
https://www.landis.org.uk/soilsguide/series.cfm?serno=314,8.51 DOWNHOLLAND (Do) (314),,1 typical humic-alluvial gley soils,Clayic Fluvic Mollic Gleysols,Fluvic Mollic Gleysols (Clayic),Fluvic Mollic Gleysols,
https://www.landis.org.uk/soilsguide/series.cfm?serno=2272,8.51 WENSUM (WM) (2272),,1 typical humic-alluvial gley soils,Thaptohistic Fluvic Mollic Gleysols,Fluvic Mollic Gleysols (Thaptohistic),Fluvic Mollic Gleysols,
https://www.landis.org.uk/soilsguide/series.cfm?serno=1334,8.15 NORMOOR (nR) (1334),,5 sulphuric alluvial gley soils,Clayic Fluvic Thionic Gleysols,Fluvic Thionic Gleysols (Clayic),Fluvic Thionic Gleysols,
https://www.landis.org.uk/soilsguide/series.cfm?serno=1868,8.15 SHOTFORD (SJ) (1868),,5 sulphuric alluvial gley soils,Clayic Thionic Fluvic Gleysols,Fluvic Thionic Gleysols (Clayic),Fluvic Thionic Gleysols,
https://www.landis.org.uk/soilsguide/series.cfm?serno=194,8.22 BRANCASTER (Brn) (194),,2 calcareous sandy gley soils,Arenic Salic Fluvisols,"Fluvisols (Arenic, Salic) ",,
https://www.landis.org.uk/soilsguide/series.cfm?serno=5017,9.26 WET CHINA CLAY SPOIL (wCC) (5017),missing,"6 permeable, seasonally wet raw made ground soils",Gleyic Spolic Technosols,Gleyic Spolic Technosols,Gleyic Spolic Technosols,
https://www.landis.org.uk/soilsguide/series.cfm?serno=5019,9.51 COPROLITE WASHINGS (wCP) (5019),missing,1 calcareous well aerated made ground soils,Gleyic Spolic Technosols (Calcaric),Gleyic Spolic Technosols (Calcaric),Gleyic Spolic Technosols,
https://www.landis.org.uk/soilsguide/series.cfm?serno=745,8.41 HURST (hR) (745),,1 typical argillic gley soils,Endoskeletic Luvic Gleysols,"Gleysols (Endoskeletic, Luvic)",,
https://www.landis.org.uk/soilsguide/series.cfm?serno=120,8.41 BINSTEAD (Bu) (120),,1 typical argillic gley soils,Luvic Gleysols,Gleysols (Luvic),,
https://www.landis.org.uk/soilsguide/series.cfm?serno=1858,8.41 SWANWICK (Sc) (1858),,1 typical argillic gley soils,Luvic Gleysols,Gleysols (Luvic),,
https://www.landis.org.uk/soilsguide/series.cfm?serno=1882,8.41 SHABBINGTON (Shb) (1882),,1 typical argillic gley soils,Luvic Gleysols,Gleysols (Luvic),,
https://www.landis.org.uk/soilsguide/series.cfm?serno=249,8.41 CURDRIDGE (cU) (249),,1 typical argillic gley soils,Luvic Gleysols,Gleysols (Luvic),,
https://www.landis.org.uk/soilsguide/series.cfm?serno=020 ,5.71 ARDINGTON (aR) (20),,1 typical argillic brown earths,Haplic Luvisols,Haplic Luvisols,Haplic Luvisols,
https://www.landis.org.uk/soilsguide/series.cfm?serno=094,5.71 BRIDPORT (Bpt) (94),,1 typical argillic brown earths,Haplic Luvisols,Haplic Luvisols,Haplic Luvisols,
https://www.landis.org.uk/soilsguide/series.cfm?serno=1138,5.71 LUDFORD (LF) (1138),,1 typical argillic brown earths,Haplic Luvisols,Haplic Luvisols,Haplic Luvisols,
https://www.landis.org.uk/soilsguide/series.cfm?serno=1264,5.71 MAPLESTEAD (MM) (1264),,1 typical argillic brown earths,Haplic Luvisols,Haplic Luvisols,Haplic Luvisols,
https://www.landis.org.uk/soilsguide/series.cfm?serno=2271,5.71 WEASENHAM (Wea) (2271),,1 typical argillic brown earths,Haplic Luvisols,Haplic Luvisols,Haplic Luvisols,
https://www.landis.org.uk/soilsguide/series.cfm?serno=337,5.71 DUNDALE (dL) (337),,1 typical argillic brown earths,Haplic Luvisols,Haplic Luvisols,Haplic Luvisols,
https://www.landis.org.uk/soilsguide/series.cfm?serno=710,5.71 HARWELL (Ha) (710),,1 typical argillic brown earths,Haplic Luvisols,Haplic Luvisols,Haplic Luvisols,
https://www.landis.org.uk/soilsguide/series.cfm?serno=780,5.71 HUNSTANTON (hX) (780),,1 typical argillic brown earths,Haplic Luvisols,Haplic Luvisols,Haplic Luvisols,
https://www.landis.org.uk/soilsguide/series.cfm?serno=1533,3.11 PRESELI (pE) (1533),,1 humic rankers,Histic Leptosols,Histic Leptosols,Histic Leptosols,
https://www.landis.org.uk/soilsguide/series.cfm?serno=007 ,3.31 ALED (Aj) (7),,1 typical ranker-like alluvial soils,Lithic Leptosols,Lithic Leptosols,Lithic Leptosols,
https://www.landis.org.uk/soilsguide/series.cfm?serno=092,3.31 BREAMISH (BH) (92),,1 typical ranker-like alluvial soils,Lithic Leptosols,Lithic Leptosols,Lithic Leptosols,
https://www.landis.org.uk/soilsguide/series.cfm?serno=148,7.11 BROCKHURST (Bi) (148),,1 typical stagnogley soils,Chromi-Albic Luvic Planosols,Luvic Albic Planosols (Chromic),Luvic Albic Planosols ,
https://www.landis.org.uk/soilsguide/series.cfm?serno=008 ,7.11 ALDEBY (aD) (8),,1 typical stagnogley soils,Albic Ruptic Luvic Planosols,Luvic Albic Planosols (Ruptic),Luvic Albic Planosols ,
https://www.landis.org.uk/soilsguide/series.cfm?serno=1413,7.14 OAKLEY (Oy) (1413),,4 paleo-argillic stagnogley soils,Albic Luvic Stagnosols,Luvic Albic Stagnosols,Luvic Albic Stagnosols,
https://www.landis.org.uk/soilsguide/series.cfm?serno=96,7.11 BURITON (Bur) (96),,1 typical stagnogley soils,Endoskeletic Albic Luvic Stagnosols,Luvic Albic Stagnosols (Endoskeletic),Luvic Albic Stagnosols,
https://www.landis.org.uk/soilsguide/series.cfm?serno=1503,8.41 PARK GATE (Pz) (1503),,1 typical argillic gley soils,Siltic Luvic Gleysols,Luvic Gleysols (Siltic),Luvic Gleysols,
https://www.landis.org.uk/soilsguide/series.cfm?serno=721,7.11 HENDRED (hE) (721),,1 typical stagnogley soils,Luvic Stagnosols,Luvic Stagnosols,Luvic Stagnosols,
https://www.landis.org.uk/soilsguide/series.cfm?serno=1400,7.14 OAK (Oq) (1400),,4 paleo-argillic stagnogley soils,Chromic Luvic Stagnosols,Luvic Stagnosols (Chromic),Luvic Stagnosols,
https://www.landis.org.uk/soilsguide/series.cfm?serno=275,7.11 CRANBROOK (Cbk) (275),,1 typical stagnogley soils,Siltic Luvic Stagnosols,Luvic Stagnosols (Siltic),Luvic Stagnosols,
https://www.landis.org.uk/soilsguide/series.cfm?serno=518,5.54 FRILFORD (Fi) (518),,4 argillic brown sands,Arenic Luvisols,Luvisols (Arenic) ,,
https://www.landis.org.uk/soilsguide/series.cfm?serno=705,5.71 HAMBLE (hL) (705),,1 typical argillic brown earths,Siltic Luvisols,Luvisols (Siltic),,
https://www.landis.org.uk/soilsguide/series.cfm?serno=1895,8.31 SESSAY (Ssy) (1895),,1 typical cambic gley soils,Mollic Gleysols,Mollic Gleysols,Mollic Gleysols,
https://www.landis.org.uk/soilsguide/series.cfm?serno=2232,8.31 WIGTON MOOR (Ww) (2232),,1 typical cambic gley soils,Mollic Gleysols,Mollic Gleysols,Mollic Gleysols,
https://www.landis.org.uk/soilsguide/series.cfm?serno=610,8.72 GOTHAM MOOR (Gm) (610),,2 calcareous humic gley soils,Mollic Gleysols,Mollic Gleysols,Mollic Gleysols,
https://www.landis.org.uk/soilsguide/series.cfm?serno=708,8.71 HANWORTH (Hq) (708),,1 typical humic gley soils,Mollic Gleysols,Mollic Gleysols,Mollic Gleysols,
https://www.landis.org.uk/soilsguide/series.cfm?serno=124,8.21 BLACKWOOD (bK) (124),,1 typical sandy gley soils,Mollic Gleysols (Arenic),Mollic Gleysols (Arenic),Mollic Gleysols,
https://www.landis.org.uk/soilsguide/series.cfm?serno=417,8.21 EVERINGHAM (Eq) (417),,1 typical sandy gley soils,Mollic Gleysols (Arenic),Mollic Gleysols (Arenic),Mollic Gleysols,
https://www.landis.org.uk/soilsguide/series.cfm?serno=805,8.61 ISLEHAM (Id) (805),,1 typical humic-sandy gley soils,Mollic Gleysols (Arenic),Mollic Gleysols (Arenic),Mollic Gleysols,
https://www.landis.org.uk/soilsguide/series.cfm?serno=2307,8.31 YEOLLANDPARK (Yk) (2307),,1 typical cambic gley soils,Endoskeletic Mollic Gleysols,Mollic Gleysols (Endoskeletic),Mollic Gleysols,
https://www.landis.org.uk/soilsguide/series.cfm?serno=809,8.73 IRETON (In) (809),,3 argillic humic gley soils,Luvic Mollic Gleysols,Mollic Gleysols (Luvic),Mollic Gleysols,
https://www.landis.org.uk/soilsguide/series.cfm?serno=1136,10.11 LONGMOSS (LN) (1136),,1 raw oligo-fibrous peat soils,Ombric Fibric Histosols,Ombric Fibric Histosols,Ombric Fibric Histosols,
https://www.landis.org.uk/soilsguide/series.cfm?serno=2242,10.11 WINTER HILL (WH) (2242),,1 raw oligo-fibrous peat soils,Ombric Fibric Histosols,Ombric Fibric Histosols,Ombric Fibric Histosols,
https://www.landis.org.uk/soilsguide/series.cfm?serno=262,10.13 CROWDY (CJ) (262),,3 raw oligo-amorphous peat soils,Ombric Sapric Histosols,Ombric Sapric Histosols,Ombric Sapric Histosols,
https://www.landis.org.uk/soilsguide/series.cfm?serno=1205,3.41 MARIAN (mR) (1205),,1 humic rendzinas,Rendzic Leptosols,Rendzic Leptosols,Rendzic Leptosols,
https://www.landis.org.uk/soilsguide/series.cfm?serno=195,3.42 BOLINGBROKE (Bgb) (195),,2 grey rendzinas,Rendzic Leptosols,Rendzic Leptosols,Rendzic Leptosols,
https://www.landis.org.uk/soilsguide/series.cfm?serno=2004,3.42 UPTON (Up) (2004),,2 grey rendzinas,Rendzic Leptosols,Rendzic Leptosols,Rendzic Leptosols,
https://www.landis.org.uk/soilsguide/series.cfm?serno=2204,3.42 WANTAGE (Wb) (2204),,2 grey rendzinas,Rendzic Leptosols,Rendzic Leptosols,Rendzic Leptosols,
https://www.landis.org.uk/soilsguide/series.cfm?serno=800,3.41 ICKNIELD (Ia) (800),,1 humic rendzinas ,Rendzic Leptosols,Rendzic Leptosols,Rendzic Leptosols,
https://www.landis.org.uk/soilsguide/series.cfm?serno=035 ,10.22 ALTCAR (Aq) (35),,2 earthy eu-fibrous peat soils,Rheic Drainic Fibric Histosols,Rheic Drainic Fibric Histosols,Rheic Drainic Fibric Histosols,
https://www.landis.org.uk/soilsguide/series.cfm?serno=041 ,10.22 ACRE (AC) (41),,2 earthy eu-fibrous peat soils,Rheic Drainic Fibric Histosols,Rheic Drainic Fibric Histosols,Rheic Drainic Fibric Histosols,
https://www.landis.org.uk/soilsguide/series.cfm?serno=004,10.24 ADVENTURERS' (An) (4),,4 earthy eutro-amorphous peat soils,Rheic Drainic Sapric Histosols,Rheic Drainic Sapric Histosols,Rheic Drainic Sapric Histosols,
https://www.landis.org.uk/soilsguide/series.cfm?serno=132,10.24 BOTTISHAM (bO) (132),,4 earthy eutro-amorphous peat soils,Rheic Drainic Sapric Histosols,Rheic Drainic Sapric Histosols,Rheic Drainic Sapric Histosols,
https://www.landis.org.uk/soilsguide/series.cfm?serno=1928,10.21 TURBARY MOOR (M) (1928),,1 earthy oligo-fibrous peat soils,Rheic Drainic Sapric Histosols,Rheic Drainic Sapric Histosols,Rheic Drainic Sapric Histosols,
https://www.landis.org.uk/soilsguide/series.cfm?serno=1255,10.25 MENDHAM (mP) (1255),,5 earthy sulphuric peat soils,Rheic Drainic Sapric Thionic Histosols,Rheic Drainic Sapric Thionic Histosols,Rheic Drainic Sapric Thionic Histosols,
https://www.landis.org.uk/soilsguide/series.cfm?serno=2252,5.41 WRINGTON (Wg) (2252),,1 typical brown earths,Chromic Skeletic Cambisols,Skeletic Chromic Cambisols,Skeletic Chromic Cambisols,
https://www.landis.org.uk/soilsguide/series.cfm?serno=1800,5.54 ST ALBANS (SA) (1800),,4 argillic brown sands,Chromic Skeletic Luvisols,Skeletic Chromic Luvisols,Skeletic Chromic Luvisols,
https://www.landis.org.uk/soilsguide/series.cfm?serno=1814,5.71 SHALDON (sH) (1814),,1 typical argillic brown earths,Chromic Skeletic Luvisols,Skeletic Chromic Luvisols,Skeletic Chromic Luvisols,
https://www.landis.org.uk/soilsguide/series.cfm?serno=108,6.11 BATCH (bH) (108),,1 typical brown podzolic soils,Skeletic Endoleptic Entic Podzols,Skeletic Endoleptic Entic Podzols,Skeletic Endoleptic Entic Podzols,
https://www.landis.org.uk/soilsguide/series.cfm?serno=5020,9.51 CRSE COPROLITE WASTE (cCP) (5020),missing,1 calcareous well aerated made ground soils,Spolic Technosols (Calcaric),Spolic Technosols (Calcaric),Spolic Technosols ,
https://www.landis.org.uk/soilsguide/series.cfm?serno=5022,9.62 FLY/CY RST IRONSTONE (yIR) (5022),missing,"2 neutral, base-rich dense, seasonally wet made ground soils","Spolic Technosols (Eutric, Epiloamic, Endoclayic, Brunic)","Spolic Technosols (Eutric, Epiloamic, Endoclayic, Brunic)",Spolic Technosols ,
https://www.landis.org.uk/soilsguide/series.cfm?serno=5021,9.52 FLY RST IRONSTONE (fIR) (5021),missing,"2 neutral, base-rich well aerated made ground soils","Spolic Technosols (Eutric, Loamic)","Spolic Technosols (Eutric, Loamic)",Spolic Technosols ,
https://www.landis.org.uk/soilsguide/series.cfm?serno=5029,9.44 VEG SHALE SPOIL (vSS) (5029),missing,"4 acid-humose, base-rich dense made ground soils","Spolic Technosols (Hyperskeletic, Ochric)","Spolic Technosols (Hyperskeletic, Ochric)",Spolic Technosols ,
https://www.landis.org.uk/soilsguide/series.cfm?serno=5028,9.23 RAW SHALE SPOIL (rSS) (5028),missing,3 dense raw made ground soils,Spolic Technosols (Hyperskeletic),Spolic Technosols (Hyperskeletic),Spolic Technosols ,
https://www.landis.org.uk/soilsguide/series.cfm?serno=5015,9.57 VEG CHINA CLAY SPOIL (vCC) (5015),missing,"7 slightly acid, base-poor well aerated made ground soils",Spolic Technosols (Ochric),Spolic Technosols (Ochric),Spolic Technosols ,
https://www.landis.org.uk/soilsguide/series.cfm?serno=5025,9.51 REPLACED LST (rLS) (5025),missing,1 calcareous well aerated made ground soils,"Spolic Technosols (Skeletic, Calcaric)","Spolic Technosols (Skeletic, Calcaric)",Spolic Technosols ,
https://www.landis.org.uk/soilsguide/series.cfm?serno=5014,9.24 RAW CHINA CLAY SPOIL (rCC) (5014),missing,4 well aerated raw made ground soils,Spolic Technosols (Skeletic),Spolic Technosols (Skeletic),Spolic Technosols ,
https://www.landis.org.uk/soilsguide/series.cfm?serno=733,6.43 HOLIDAYS HILL (hY) (733),,3 stagnogley-podzols,Ruptic Stagnic Albic Carbic Podzols,Stagnic Albic Carbic Podzols (Ruptic),Stagnic Albic Carbic Podzols,
https://www.landis.org.uk/soilsguide/series.cfm?serno=1552,6.43 POUNDGATE (PG) (1552),,3 stagnogley-podzols,Stagnic Albic Podzols,Stagnic Albic Podzols,Stagnic Albic Podzols,
https://www.landis.org.uk/soilsguide/series.cfm?serno=131,6.43 BOLDERWOOD (bR) (131),,3 stagnogley-podzols,Ruptic Stagnic Albic Podzols,Stagnic Albic Podzols (Ruptic) ,Stagnic Albic Podzols,
https://www.landis.org.uk/soilsguide/series.cfm?serno=526,6.43 FELTHORPE (fT) (526),,3 stagnogley-podzols,Ruptic Stagnic Albic Podzols,Stagnic Albic Podzols (Ruptic) ,Stagnic Albic Podzols,
https://www.landis.org.uk/soilsguide/series.cfm?serno=526,6.43 FELTHORPE (fT) (526),,3 stagnogley-podzols,Ruptic Stagnic Albic Podzols,Stagnic Albic Podzols (Ruptic) ,Stagnic Albic Podzols,
https://www.landis.org.uk/soilsguide/series.cfm?serno=1871,4.21 STOW (SW) (1871),,1 typical non-calcareous pelosols,Stagnic Cambisols,Stagnic Cambisols,Stagnic Cambisols,
https://www.landis.org.uk/soilsguide/series.cfm?serno=284,5.42 CHERUBEER (Chb) (284),,2 stagnogleyic brown earths,Ruptic Endoclayic Stagnic Cambisols,"Stagnic Cambisols (Endoclayic, Ruptic)",Stagnic Cambisols,
https://www.landis.org.uk/soilsguide/series.cfm?serno=703,4.21 HALSTOW (Hw) (703),,1 typical non-calcareous pelosols,Endoleptic Stagnic Cambisols,Stagnic Endoleptic Cambisols,Stagnic Endoleptic Cambisols,
https://www.landis.org.uk/soilsguide/series.cfm?serno=645,6.54 GELLIGAER (GG) (645),,4 ferric stagnopodzols,Endoleptic Histic Stagnic Albic Podzols,Stagnic Histic Endoleptic Albic Podzols,Stagnic Histic Endoleptic Albic Podzols,
https://www.landis.org.uk/soilsguide/series.cfm?serno=036 ,6.51 ADDERSTONE (aS) (36),,1 ironpan stagnopodzols,Placic Endoleptic Histic Stagnic Albic Podzols,Stagnic Histic Endoleptic Albic Podzols (Placic),Stagnic Histic Endoleptic Albic Podzols,
https://www.landis.org.uk/soilsguide/series.cfm?serno=113,6.51 BELMONT (Bo) (113),,1 ironpan stagnopodzols,Placic Endoleptic Histic Stagnic Albic Podzols,Stagnic Histic Endoleptic Albic Podzols (Placic),Stagnic Histic Endoleptic Albic Podzols,
https://www.landis.org.uk/soilsguide/series.cfm?serno=1247,6.52 MAW (MA) (1247),,2 humus-ironpan stagnopodzols,Placic Endoleptic Histic Stagnic Albic Podzols,Stagnic Histic Endoleptic Albic Podzols (Placic),Stagnic Histic Endoleptic Albic Podzols,
https://www.landis.org.uk/soilsguide/series.cfm?serno=525,4.31 FAULKBOURNE (fK) (525),,1 typical argillic pelosols,Clayic Stagnic Luvisols,Stagnic Luvisols (Clayic),Stagnic Luvisols,
https://www.landis.org.uk/soilsguide/series.cfm?serno=047 ,5.72 ARROWAN (aM) (47),,2 stagnogleyic argillic brown earths,Ruptic Stagnic Luvisols,Stagnic Podzols (Ruptic) ,Stagnic Podzols ,
https://www.landis.org.uk/soilsguide/series.cfm?serno=5023,9.62 CY RST IRONSTONE (cIR) (5023),missing,"2 neutral, base-rich dense, seasonally wet made ground soils","Stagnic Spolic Technosols (Calcaric, Clayic)","Stagnic Spolic Technosols (Calcaric, Clayic)",Stagnic Spolic Technosols,
https://www.landis.org.uk/soilsguide/series.cfm?serno=5027,9.63 LEACHED RST OPENCAST (lRO) (5027),missing,"3 leached, base-rich dense, seasonally wet made ground soils",Stagnic Spolic Technosols (Dystric),Stagnic Spolic Technosols (Dystric),Stagnic Spolic Technosols,
https://www.landis.org.uk/soilsguide/series.cfm?serno=5024,9.41 REPLACED TILL (rTL) (5024),missing,1 calcareous dense made ground soils,Stagnic Spolic Technosols (Dystric),Stagnic Spolic Technosols (Dystric),Stagnic Spolic Technosols,
https://www.landis.org.uk/soilsguide/series.cfm?serno=5026,9.62 NEUTRAL RST OPENCAST (nRO) (5026),missing,"2 neutral, base-rich dense, seasonally wet made ground soils",Stagnic Spolic Technosols (Eutric),Stagnic Spolic Technosols (Eutric),Stagnic Spolic Technosols,
https://www.landis.org.uk/soilsguide/series.cfm?serno=034 ,4.21 ALTHORNE (aH) (34),,1 typical non-calcareous pelosols,Stagnic Vertic Cambisols,Stagnic Vertic Cambisols,Stagnic Vertic Cambisols,
https://www.landis.org.uk/soilsguide/series.cfm?serno=5016,9.27 CHINA CLAY SLURRY (sCC) (5016),missing,7 permanently wet raw made ground soils,Subaquatic Spolic Technosols,Subaquatic Spolic Technosols,Subaquatic Spolic Technosols,
https://www.landis.org.uk/soilsguide/series.cfm?serno=054 ,6.42 AXON (AX) (54),,2 humo-ferric gley-podzols,Umbric Endogleyic Albic Podzols,Umbric Endogleyic Albic Podzols,Umbric Endogleyic Albic Podzols,
https://www.landis.org.uk/soilsguide/series.cfm?serno=1100,6.42 LAKENHEATH (Lx) (1100),,2 humo-ferric gley-podzols,Umbric Endogleyic Albic Podzols,Umbric Endogleyic Albic Podzols,Umbric Endogleyic Albic Podzols,
https://www.landis.org.uk/soilsguide/series.cfm?serno=508,8.71 FORDHAM (Ff) (508),,1 typical humic gley soils,Umbric Gleysols,Umbric Gleysols,Umbric Gleysols,
https://www.landis.org.uk/soilsguide/series.cfm?serno=1523,3.13 POWYS (Ph) (1523),,3 brown rankers,Umbric Leptosols,Umbric Leptosols,Umbric Leptosols,
https://www.landis.org.uk/soilsguide/series.cfm?serno=2260,3.11 WETTON (WE) (2260),,1 humic rankers,Umbric Leptosols,Umbric Leptosols,Umbric Leptosols,
https://www.landis.org.uk/soilsguide/series.cfm?serno=332,3.13 DUNWELL (Dz) (332),,3 brown rankers,Umbric Leptosols,Umbric Leptosols,Umbric Leptosols,
https://www.landis.org.uk/soilsguide/series.cfm?serno=1022,7.21 KIELDER (K) (1022),,1 cambic stagnohumic gley soils,Umbric Stagnosols,Umbric Stagnosols,Umbric Stagnosols,
https://www.landis.org.uk/soilsguide/series.cfm?serno=2235,7.21 WILCOCKS (Wo) (2235),,1 cambic stagnohumic gley soils,Umbric Stagnosols,Umbric Stagnosols,Umbric Stagnosols,
https://www.landis.org.uk/soilsguide/series.cfm?serno=770,4.31 HORNTON (HT) (770),,1 typical argillic pelosols,Vertic Endostagnic Endoleptic Luvisols,Vertic Endostagnic Endoleptic Luvisols,Vertic Endostagnic Endoleptic Luvisols,
https://www.landis.org.uk/soilsguide/series.cfm?serno=766,4.31 HOLDENBY (HM) (766),,1 typical argillic pelosols,Vertic Endostagnic Luvisols,Vertic Endostagnic Luvisols,Vertic Endostagnic Luvisols,